"_","Id","IsDeleted","Name","CreatedDate","CreatedById","LastModifiedDate","LastModifiedById","SystemModstamp","LastActivityDate","LastViewedDate","LastReferencedDate","Process_Flow__c","Active__c","Checklist_Item_Metadata__c","DocuSign_Enabled__c","Document_Entry_Criteria__c","Document_Upload_Criteria__c","Nintex_Package_Name__c","Process_Flow_Step_Map__c","Process_Flow_Step__c","Record_Creation_Criteria__c"
"[Process_Flow_Document__c]","a0Dg5000003cib0EAA","false","Legal Fact","2026-01-17T08:22:25.000+0000","005g5000002JmPZAA0","2026-01-21T15:10:20.000+0000","005g5000002JmPZAA0","2026-01-21T15:10:20.000+0000","","2026-02-04T06:31:26.000+0000","2026-02-04T06:31:26.000+0000","a0Gg5000001YrMHEA0","true","","false","","","","","",""
"[Process_Flow_Document__c]","a0Dg50000042S2jEAE","false","Support Document","2026-01-21T15:10:40.000+0000","005g5000002JmPZAA0","2026-01-21T15:10:40.000+0000","005g5000002JmPZAA0","2026-01-21T15:10:40.000+0000","","2026-01-21T15:10:40.000+0000","2026-01-21T15:10:40.000+0000","a0Gg5000001YrMHEA0","true","","false","","","","","",""
"[Process_Flow_Document__c]","a0Dg5000004pWoFEAU","false","RFO Letter","2026-02-04T06:32:50.000+0000","005g5000002JmPZAA0","2026-02-04T06:55:25.000+0000","005g5000002JmPZAA0","2026-02-04T06:55:25.000+0000","","2026-02-04T06:55:25.000+0000","2026-02-04T06:55:25.000+0000","a0Gg50000025CtpEAE","true","","false","","","","","",""
"[Process_Flow_Document__c]","a0Dg5000004pePVEAY","false","Customer Des Snag Document","2026-02-04T06:32:40.000+0000","005g5000002JmPZAA0","2026-02-04T06:32:40.000+0000","005g5000002JmPZAA0","2026-02-04T06:32:40.000+0000","","2026-02-04T06:32:40.000+0000","2026-02-04T06:32:40.000+0000","a0Gg50000025CtpEAE","true","","false","","","","","",""
"[Process_Flow_Document__c]","a0Dg5000004psPdEAI","false","Customer Utility Proof","2026-02-04T06:33:19.000+0000","005g5000002JmPZAA0","2026-02-04T06:33:19.000+0000","005g5000002JmPZAA0","2026-02-04T06:33:19.000+0000","","2026-02-04T06:33:19.000+0000","2026-02-04T06:33:19.000+0000","a0Gg50000025CtpEAE","true","","false","","","","","",""
"[Process_Flow_Document__c]","a0Dg5000004ptwEEAQ","false","Customer Snag Document","2026-02-04T06:32:29.000+0000","005g5000002JmPZAA0","2026-02-04T06:32:29.000+0000","005g5000002JmPZAA0","2026-02-04T06:32:29.000+0000","","2026-02-04T06:32:29.000+0000","2026-02-04T06:32:29.000+0000","a0Gg50000025CtpEAE","true","","false","","","","","",""
"[Process_Flow_Document__c]","a0Dg5000004q3U9EAI","false","QA Snagging Documents","2026-02-04T06:32:02.000+0000","005g5000002JmPZAA0","2026-02-04T06:32:02.000+0000","005g5000002JmPZAA0","2026-02-04T06:32:02.000+0000","","2026-02-04T06:32:02.000+0000","2026-02-04T06:32:02.000+0000","a0Gg50000025CtpEAE","true","","false","","","","","",""
"[Process_Flow_Document__c]","a0Dg5000004q3dpEAA","false","QA De Snagging Documents","2026-02-04T06:32:19.000+0000","005g5000002JmPZAA0","2026-02-04T06:32:19.000+0000","005g5000002JmPZAA0","2026-02-04T06:32:19.000+0000","","2026-02-04T06:32:19.000+0000","2026-02-04T06:32:19.000+0000","a0Gg50000025CtpEAE","true","","false","","","","","",""
"[Process_Flow_Document__c]","a0Dg5000004x48jEAA","false","Account POP","2026-02-05T11:20:44.000+0000","005g5000002JmPZAA0","2026-02-05T11:20:44.000+0000","005g5000002JmPZAA0","2026-02-05T11:20:44.000+0000","","","","a0Gg50000028DwbEAE","true","","false","","On Linked Step Completion","","","","On Linked Step Creation"
"[Process_Flow_Document__c]","a0Dg5000004x48kEAA","false","Accounts POP","2026-02-05T11:20:44.000+0000","005g5000002JmPZAA0","2026-02-05T11:20:44.000+0000","005g5000002JmPZAA0","2026-02-05T11:20:44.000+0000","","","","a0Gg50000028DwbEAE","true","","false","","On Linked Step Completion","","","","On Linked Step Creation"
"[Process_Flow_Document__c]","a0Dg5000004x48lEAA","false","Press Release Draft Document","2026-02-05T11:20:44.000+0000","005g5000002JmPZAA0","2026-02-05T11:20:44.000+0000","005g5000002JmPZAA0","2026-02-05T11:20:44.000+0000","","","","a0Gg50000028DyDEAU","true","","false","","On Linked Step Completion","","","","On BP Creation"
"[Process_Flow_Document__c]","a0Dg5000004x48mEAA","false","PR Supporting Image","2026-02-05T11:20:44.000+0000","005g5000002JmPZAA0","2026-02-05T11:20:44.000+0000","005g5000002JmPZAA0","2026-02-05T11:20:44.000+0000","","","","a0Gg50000028DyDEAU","true","","false","","On Linked Step Completion","","","","On BP Creation"
"[Process_Flow_Document__c]","a0Dg5000004x48nEAA","false","PR Translate Document","2026-02-05T11:20:44.000+0000","005g5000002JmPZAA0","2026-02-05T11:20:44.000+0000","005g5000002JmPZAA0","2026-02-05T11:20:44.000+0000","","","","a0Gg50000028DyDEAU","true","","false","","On Linked Step Completion","","","","On BP Creation"
"[Process_Flow_Document__c]","a0Dg5000004x48oEAA","false","Upload Quotes","2026-02-05T11:20:44.000+0000","005g5000002JmPZAA0","2026-02-05T11:20:44.000+0000","005g5000002JmPZAA0","2026-02-05T11:20:44.000+0000","","","","a0Gg50000028E1REAU","true","","false","","On Linked Step Completion","","","","On Linked Step Creation"
"[Process_Flow_Document__c]","a0Dg5000004x48pEAA","false","Design Desk Document","2026-02-05T11:20:44.000+0000","005g5000002JmPZAA0","2026-02-05T11:20:44.000+0000","005g5000002JmPZAA0","2026-02-05T11:20:44.000+0000","","","","a0Gg50000028E1REAU","true","","false","","On Linked Step Completion","","","","On Linked Step Creation"
"[Process_Flow_Document__c]","a0Dg5000004x48qEAA","false","Design Desk Document","2026-02-05T11:20:44.000+0000","005g5000002JmPZAA0","2026-02-05T11:20:44.000+0000","005g5000002JmPZAA0","2026-02-05T11:20:44.000+0000","","","","a0Gg50000027x0dEAA","true","","false","","On Linked Step Completion","","","","On Linked Step Creation"
"[Process_Flow_Document__c]","a0Dg5000004x48rEAA","false","Technical Specification Document","2026-02-05T11:20:44.000+0000","005g5000002JmPZAA0","2026-02-05T11:20:44.000+0000","005g5000002JmPZAA0","2026-02-05T11:20:44.000+0000","","","","a0Gg50000028E1REAU","true","","false","","On Linked Step Completion","","","","On Linked Step Creation"
"[Process_Flow_Document__c]","a0Dg5000004x48sEAA","false","Quotes","2026-02-05T11:20:44.000+0000","005g5000002JmPZAA0","2026-02-05T11:20:44.000+0000","005g5000002JmPZAA0","2026-02-05T11:20:44.000+0000","","","","a0Gg50000027x0dEAA","true","","false","","On Linked Step Completion","","","","On Linked Step Creation"
"[Process_Flow_Document__c]","a0Dg5000004xFs5EAE","false","VPR Document","2026-02-05T11:20:45.000+0000","005g5000002JmPZAA0","2026-02-05T11:20:45.000+0000","005g5000002JmPZAA0","2026-02-05T11:20:45.000+0000","","","","a0Gg50000028EB7EAM","true","","false","","On Linked Step Completion","","","","On Linked Step Creation"
"[Process_Flow_Document__c]","a0Dg5000004xFs6EAE","false","Proof of Work","2026-02-05T11:20:45.000+0000","005g5000002JmPZAA0","2026-02-05T11:20:45.000+0000","005g5000002JmPZAA0","2026-02-05T11:20:45.000+0000","","","","a0Gg50000028EB7EAM","true","","false","","On Linked Step Completion","","","","On Linked Step Creation"
"[Process_Flow_Document__c]","a0Dg5000004xFs7EAE","false","Proof of Work","2026-02-05T11:20:45.000+0000","005g5000002JmPZAA0","2026-02-05T11:20:45.000+0000","005g5000002JmPZAA0","2026-02-05T11:20:45.000+0000","","","","a0Gg50000028EB7EAM","true","","false","","On Linked Step Completion","","","","On Linked Step Creation"
"[Process_Flow_Document__c]","a0Dg5000004xFs8EAE","false","APN Document","2026-02-05T11:20:45.000+0000","005g5000002JmPZAA0","2026-02-05T11:20:45.000+0000","005g5000002JmPZAA0","2026-02-05T11:20:45.000+0000","","","","a0Gg50000028EB7EAM","true","","false","","On Linked Step Completion","","","","On Linked Step Creation"
"[Process_Flow_Document__c]","a0Dg5000004xFs9EAE","false","Technical Specification Document","2026-02-05T11:20:45.000+0000","005g5000002JmPZAA0","2026-02-05T11:20:45.000+0000","005g5000002JmPZAA0","2026-02-05T11:20:45.000+0000","","","","a0Gg50000028EB7EAM","true","","false","","On Linked Step Completion","","","","On Linked Step Creation"
"[Process_Flow_Document__c]","a0Dg5000004xFsAEAU","false","PO Document","2026-02-05T11:20:45.000+0000","005g5000002JmPZAA0","2026-02-05T11:20:45.000+0000","005g5000002JmPZAA0","2026-02-05T11:20:45.000+0000","","","","a0Gg50000028EB7EAM","true","","false","","On Linked Step Completion","","","","On Linked Step Creation"
"[Process_Flow_Document__c]","a0Dg5000004xFsBEAU","false","Quotes","2026-02-05T11:20:45.000+0000","005g5000002JmPZAA0","2026-02-05T11:20:45.000+0000","005g5000002JmPZAA0","2026-02-05T11:20:45.000+0000","","","","a0Gg50000028EB7EAM","true","","false","","On Linked Step Completion","","","","On Linked Step Creation"
"[Process_Flow_Document__c]","a0Dg5000004xFsCEAU","false","Proposals","2026-02-05T11:20:45.000+0000","005g5000002JmPZAA0","2026-02-05T11:20:45.000+0000","005g5000002JmPZAA0","2026-02-05T11:20:45.000+0000","","","","a0Gg50000028EB7EAM","true","","false","","On Linked Step Completion","","","","On Linked Step Creation"
"[Process_Flow_Document__c]","a0Dg5000004xFsDEAU","false","Accounts POP","2026-02-05T11:20:45.000+0000","005g5000002JmPZAA0","2026-02-05T11:20:45.000+0000","005g5000002JmPZAA0","2026-02-05T11:20:45.000+0000","","","","a0Gg50000028E7uEAE","true","","false","","On Linked Step Completion","","","","On Linked Step Creation"
"[Process_Flow_Document__c]","a0Dg5000004xFsEEAU","false","Accounts POP","2026-02-05T11:20:45.000+0000","005g5000002JmPZAA0","2026-02-05T11:20:45.000+0000","005g5000002JmPZAA0","2026-02-05T11:20:45.000+0000","","","","a0Gg50000028E7uEAE","true","","false","","On Linked Step Completion","","","","On Linked Step Creation"
"[Process_Flow_Document__c]","a0Dg5000004xTohEAE","false","Design Document","2026-02-05T11:20:42.000+0000","005g5000002JmPZAA0","2026-02-05T11:20:42.000+0000","005g5000002JmPZAA0","2026-02-05T11:20:42.000+0000","","","","a0Gg50000027ySDEAY","false","","false","","","","","",""
"[Process_Flow_Document__c]","a0Dg5000004xToiEAE","false","Support Documents","2026-02-05T11:20:42.000+0000","005g5000002JmPZAA0","2026-02-05T11:20:42.000+0000","005g5000002JmPZAA0","2026-02-05T11:20:42.000+0000","","","","a0Gg50000028DADEA2","true","","false","","","","","",""
"[Process_Flow_Document__c]","a0Dg5000004xTojEAE","false","Agreement Document","2026-02-05T11:20:42.000+0000","005g5000002JmPZAA0","2026-02-05T11:20:42.000+0000","005g5000002JmPZAA0","2026-02-05T11:20:42.000+0000","","","","a0Gg50000028CR3EAM","true","","false","","On Linked Step Completion","","","","On Linked Step Creation"
"[Process_Flow_Document__c]","a0Dg5000004xTokEAE","false","PNCA Final Approval Design Document","2026-02-05T11:20:42.000+0000","005g5000002JmPZAA0","2026-02-05T11:20:42.000+0000","005g5000002JmPZAA0","2026-02-05T11:20:42.000+0000","","","","a0Gg50000027ySDEAY","false","","false","","","","","",""
"[Process_Flow_Document__c]","a0Dg5000004xTolEAE","false","Development Final Approval Design Document","2026-02-05T11:20:42.000+0000","005g5000002JmPZAA0","2026-02-05T11:20:42.000+0000","005g5000002JmPZAA0","2026-02-05T11:20:42.000+0000","","","","a0Gg50000027ySDEAY","false","","false","","","","","",""
"[Process_Flow_Document__c]","a0Dg5000004xTomEAE","false","PCC document","2026-02-05T11:20:42.000+0000","005g5000002JmPZAA0","2026-02-05T11:20:42.000+0000","005g5000002JmPZAA0","2026-02-05T11:20:42.000+0000","","","","a0Gg50000028Cu5EAE","true","","false","","","","","",""
"[Process_Flow_Document__c]","a0Dg5000004xTonEAE","false","SOA document","2026-02-05T11:20:42.000+0000","005g5000002JmPZAA0","2026-02-05T11:20:42.000+0000","005g5000002JmPZAA0","2026-02-05T11:20:42.000+0000","","","","a0Gg50000028Cu5EAE","true","","false","","","","","",""
"[Process_Flow_Document__c]","a0Dg5000004xTooEAE","false","3D Renders","2026-02-05T11:20:42.000+0000","005g5000002JmPZAA0","2026-02-05T11:20:42.000+0000","005g5000002JmPZAA0","2026-02-05T11:20:42.000+0000","","","","a0Gg50000028DIHEA2","true","","false","","","","","",""
"[Process_Flow_Document__c]","a0Dg5000004xTopEAE","false","3D Max Files","2026-02-05T11:20:42.000+0000","005g5000002JmPZAA0","2026-02-05T11:20:42.000+0000","005g5000002JmPZAA0","2026-02-05T11:20:42.000+0000","","","","a0Gg50000028DIHEA2","true","","false","","","","","",""
"[Process_Flow_Document__c]","a0Dg5000004xToqEAE","false","Support Documents","2026-02-05T11:20:42.000+0000","005g5000002JmPZAA0","2026-02-05T11:20:42.000+0000","005g5000002JmPZAA0","2026-02-05T11:20:42.000+0000","","","","a0Gg50000027uhvEAA","true","","false","","","","","",""
"[Process_Flow_Document__c]","a0Dg5000004xUU1EAM","false","APN Document","2026-02-05T11:20:41.000+0000","005g5000002JmPZAA0","2026-02-05T11:20:41.000+0000","005g5000002JmPZAA0","2026-02-05T11:20:41.000+0000","","","","a0Gg50000028CR3EAM","true","","false","","On Linked Step Completion","","","","On Linked Step Creation"
"[Process_Flow_Document__c]","a0Dg5000004xUU2EAM","false","Accounts POP","2026-02-05T11:20:41.000+0000","005g5000002JmPZAA0","2026-02-05T11:20:41.000+0000","005g5000002JmPZAA0","2026-02-05T11:20:41.000+0000","","","","a0Gg50000028CR3EAM","true","","false","","On Linked Step Completion","","","","On Linked Step Creation"
"[Process_Flow_Document__c]","a0Dg5000004xUU3EAM","false","Procurement Quote Upload","2026-02-05T11:20:41.000+0000","005g5000002JmPZAA0","2026-02-05T11:20:41.000+0000","005g5000002JmPZAA0","2026-02-05T11:20:41.000+0000","","","","a0Gg50000028CR3EAM","true","","false","","On Linked Step Completion","","","","On Linked Step Creation"
"[Process_Flow_Document__c]","a0Dg5000004xUU4EAM","false","Cost Comparison","2026-02-05T11:20:41.000+0000","005g5000002JmPZAA0","2026-02-05T11:20:41.000+0000","005g5000002JmPZAA0","2026-02-05T11:20:41.000+0000","","","","a0Gg50000028CR3EAM","true","","false","","On Linked Step Completion","","","","On Linked Step Creation"
"[Process_Flow_Document__c]","a0Dg5000004xUU5EAM","false","VPR Document","2026-02-05T11:20:41.000+0000","005g5000002JmPZAA0","2026-02-05T11:20:41.000+0000","005g5000002JmPZAA0","2026-02-05T11:20:41.000+0000","","","","a0Gg50000028CR3EAM","true","","false","","On Linked Step Completion","","","","On Linked Step Creation"
"[Process_Flow_Document__c]","a0Dg5000004xUU6EAM","false","Proof of Work","2026-02-05T11:20:41.000+0000","005g5000002JmPZAA0","2026-02-05T11:20:41.000+0000","005g5000002JmPZAA0","2026-02-05T11:20:41.000+0000","","","","a0Gg50000028CR3EAM","true","","false","","On Linked Step Completion","","","","On Linked Step Creation"
"[Process_Flow_Document__c]","a0Dg5000004xUU7EAM","false","Proof of Work","2026-02-05T11:20:41.000+0000","005g5000002JmPZAA0","2026-02-05T11:20:41.000+0000","005g5000002JmPZAA0","2026-02-05T11:20:41.000+0000","","","","a0Gg50000028CR3EAM","true","","false","","On Linked Step Completion","","","","On Linked Step Creation"
"[Process_Flow_Document__c]","a0Dg5000004xUU8EAM","false","Accounts POP","2026-02-05T11:20:41.000+0000","005g5000002JmPZAA0","2026-02-05T11:20:41.000+0000","005g5000002JmPZAA0","2026-02-05T11:20:41.000+0000","","","","a0Gg50000028CR3EAM","true","","false","","On Linked Step Completion","","","","On Linked Step Creation"
"[Process_Flow_Document__c]","a0Dg5000004xUU9EAM","false","Technical Specification Document","2026-02-05T11:20:41.000+0000","005g5000002JmPZAA0","2026-02-05T11:20:41.000+0000","005g5000002JmPZAA0","2026-02-05T11:20:41.000+0000","","","","a0Gg50000028CR3EAM","true","","false","","On BP Submit","","","","On BP Creation"
"[Process_Flow_Document__c]","a0Dg5000004xUUAEA2","false","Support Documents","2026-02-05T11:20:41.000+0000","005g5000002JmPZAA0","2026-02-05T11:20:41.000+0000","005g5000002JmPZAA0","2026-02-05T11:20:41.000+0000","","","","a0Gg50000027ySDEAY","true","","false","","","","","",""
"[Process_Flow_Document__c]","a0Dg5000004xf2FEAQ","false","Architectural drawings three","2026-02-05T11:20:42.000+0000","005g5000002JmPZAA0","2026-02-05T11:20:42.000+0000","005g5000002JmPZAA0","2026-02-05T11:20:42.000+0000","","","","a0Gg50000027ySDEAY","false","","false","","","","","",""
"[Process_Flow_Document__c]","a0Dg5000004xf2GEAQ","false","MEP drawings two","2026-02-05T11:20:42.000+0000","005g5000002JmPZAA0","2026-02-05T11:20:42.000+0000","005g5000002JmPZAA0","2026-02-05T11:20:42.000+0000","","","","a0Gg50000027ySDEAY","false","","false","","","","","",""
"[Process_Flow_Document__c]","a0Dg5000004xf2HEAQ","false","MEP drawings Three","2026-02-05T11:20:42.000+0000","005g5000002JmPZAA0","2026-02-05T11:20:42.000+0000","005g5000002JmPZAA0","2026-02-05T11:20:42.000+0000","","","","a0Gg50000027ySDEAY","false","","false","","","","","",""
"[Process_Flow_Document__c]","a0Dg5000004xf2IEAQ","false","MEP drawings Four","2026-02-05T11:20:42.000+0000","005g5000002JmPZAA0","2026-02-05T11:20:42.000+0000","005g5000002JmPZAA0","2026-02-05T11:20:42.000+0000","","","","a0Gg50000027ySDEAY","false","","false","","","","","",""
"[Process_Flow_Document__c]","a0Dg5000004xf2JEAQ","false","Architectural drawings One","2026-02-05T11:20:42.000+0000","005g5000002JmPZAA0","2026-02-05T11:20:42.000+0000","005g5000002JmPZAA0","2026-02-05T11:20:42.000+0000","","","","a0Gg50000027ySDEAY","false","","false","","","","","",""
"[Process_Flow_Document__c]","a0Dg5000004xf2KEAQ","false","Architectural drawings two","2026-02-05T11:20:42.000+0000","005g5000002JmPZAA0","2026-02-05T11:20:42.000+0000","005g5000002JmPZAA0","2026-02-05T11:20:42.000+0000","","","","a0Gg50000027ySDEAY","false","","false","","","","","",""
"[Process_Flow_Document__c]","a0Dg5000004xf2LEAQ","false","Architectural drawings four","2026-02-05T11:20:42.000+0000","005g5000002JmPZAA0","2026-02-05T11:20:42.000+0000","005g5000002JmPZAA0","2026-02-05T11:20:42.000+0000","","","","a0Gg50000027ySDEAY","false","","false","","","","","",""
"[Process_Flow_Document__c]","a0Dg5000004xf2MEAQ","false","Support Documents","2026-02-05T11:20:42.000+0000","005g5000002JmPZAA0","2026-02-05T11:20:42.000+0000","005g5000002JmPZAA0","2026-02-05T11:20:42.000+0000","","","","a0Gg500000287KDEAY","true","","false","","","","","",""
"[Process_Flow_Document__c]","a0Dg5000004xf2NEAQ","false","Indemnity Letter","2026-02-05T11:20:42.000+0000","005g5000002JmPZAA0","2026-02-05T11:20:42.000+0000","005g5000002JmPZAA0","2026-02-05T11:20:42.000+0000","","","","a0Gg500000287KDEAY","true","","false","","","","","",""
"[Process_Flow_Document__c]","a0Dg5000004xf2OEAQ","false","Indemnity Letter","2026-02-05T11:20:42.000+0000","005g5000002JmPZAA0","2026-02-05T11:20:42.000+0000","005g5000002JmPZAA0","2026-02-05T11:20:42.000+0000","","","","a0Gg50000028DTZEA2","true","","false","","","","","",""
"[Process_Flow_Document__c]","a0Dg5000004xgc7EAA","false","CHW Connection specs","2026-02-05T11:20:44.000+0000","005g5000002JmPZAA0","2026-02-05T11:20:44.000+0000","005g5000002JmPZAA0","2026-02-05T11:20:44.000+0000","","","","a0Gg50000028DADEA2","true","","false","","","","","",""
"[Process_Flow_Document__c]","a0Dg5000004xgc8EAA","false","CRM Proof of Customer Contact Documents","2026-02-05T11:20:44.000+0000","005g5000002JmPZAA0","2026-02-05T11:20:44.000+0000","005g5000002JmPZAA0","2026-02-05T11:20:44.000+0000","","","","a0Gg50000027uhvEAA","true","","false","","","","","",""
"[Process_Flow_Document__c]","a0Dg5000004xgc9EAA","false","Customer Acknowledgement Email","2026-02-05T11:20:44.000+0000","005g5000002JmPZAA0","2026-02-05T11:20:44.000+0000","005g5000002JmPZAA0","2026-02-05T11:20:44.000+0000","","","","a0Gg50000028DjiEAE","true","","false","","","","","",""
"[Process_Flow_Document__c]","a0Dg5000004xgcAEAQ","false","Valid Proof of Payment (POP)","2026-02-05T11:20:44.000+0000","005g5000002JmPZAA0","2026-02-05T11:20:44.000+0000","005g5000002JmPZAA0","2026-02-05T11:20:44.000+0000","","","","a0Gg50000028DjiEAE","true","","false","","","","","",""
"[Process_Flow_Document__c]","a0Dg5000004xgcBEAQ","false","Collection Report Screenshot","2026-02-05T11:20:44.000+0000","005g5000002JmPZAA0","2026-02-05T11:20:44.000+0000","005g5000002JmPZAA0","2026-02-05T11:20:44.000+0000","","","","a0Gg50000028DjiEAE","true","","false","","","","","",""
"[Process_Flow_Document__c]","a0Dg5000004xgcCEAQ","false","Indemnity Letter (from the Remitter)","2026-02-05T11:20:44.000+0000","005g5000002JmPZAA0","2026-02-05T11:20:44.000+0000","005g5000002JmPZAA0","2026-02-05T11:20:44.000+0000","","","","a0Gg50000028DjiEAE","true","","false","","","","","",""
"[Process_Flow_Document__c]","a0Dg5000004xgcDEAQ","false","Beneficiary Document","2026-02-05T11:20:44.000+0000","005g5000002JmPZAA0","2026-02-05T11:20:44.000+0000","005g5000002JmPZAA0","2026-02-05T11:20:44.000+0000","","","","a0Gg50000028A9GEAU","true","","false","","","","","",""
"[Process_Flow_Document__c]","a0Dg5000004xgcEEAQ","false","SOA document","2026-02-05T11:20:44.000+0000","005g5000002JmPZAA0","2026-02-05T11:20:44.000+0000","005g5000002JmPZAA0","2026-02-05T11:20:44.000+0000","","","","a0Gg50000028A9GEAU","true","","false","","","","","",""
"[Process_Flow_Document__c]","a0Dg5000004xgcFEAQ","false","Proposals","2026-02-05T11:20:44.000+0000","005g5000002JmPZAA0","2026-02-05T11:20:44.000+0000","005g5000002JmPZAA0","2026-02-05T11:20:44.000+0000","","","","a0Gg5000002819xEAA","true","","false","","On Linked Step Completion","","","","On Linked Step Creation"
"[Process_Flow_Document__c]","a0Dg5000004xgcGEAQ","false","PO Document","2026-02-05T11:20:44.000+0000","005g5000002JmPZAA0","2026-02-05T11:20:44.000+0000","005g5000002JmPZAA0","2026-02-05T11:20:44.000+0000","","","","a0Gg5000002819xEAA","true","","false","","On Linked Step Completion","","","","On Linked Step Creation"
"[Process_Flow_Document__c]","a0Dg5000004xifdEAA","false","DSR Process Document","2026-02-05T11:20:45.000+0000","005g5000002JmPZAA0","2026-02-05T11:20:45.000+0000","005g5000002JmPZAA0","2026-02-05T11:20:45.000+0000","","","","a0Gg50000028DqBEAU","true","","false","","","","","",""
"[Process_Flow_Document__c]","a0Dg5000004xifeEAA","false","Proposals","2026-02-05T11:20:45.000+0000","005g5000002JmPZAA0","2026-02-05T11:20:45.000+0000","005g5000002JmPZAA0","2026-02-05T11:20:45.000+0000","","","","a0Gg50000028DDSEA2","true","","false","","On Linked Step Completion","","","","On Linked Step Creation"
"[Process_Flow_Document__c]","a0Dg5000004xiffEAA","false","Quotes","2026-02-05T11:20:45.000+0000","005g5000002JmPZAA0","2026-02-05T11:20:45.000+0000","005g5000002JmPZAA0","2026-02-05T11:20:45.000+0000","","","","a0Gg50000028DDSEA2","true","","false","","On Linked Step Completion","","","","On Linked Step Creation"
"[Process_Flow_Document__c]","a0Dg5000004xifgEAA","false","PO Document","2026-02-05T11:20:45.000+0000","005g5000002JmPZAA0","2026-02-05T11:20:45.000+0000","005g5000002JmPZAA0","2026-02-05T11:20:45.000+0000","","","","a0Gg50000028DDSEA2","true","","false","","On Linked Step Completion","","","","On Linked Step Creation"
"[Process_Flow_Document__c]","a0Dg5000004xifhEAA","false","APN Document","2026-02-05T11:20:45.000+0000","005g5000002JmPZAA0","2026-02-05T11:20:45.000+0000","005g5000002JmPZAA0","2026-02-05T11:20:45.000+0000","","","","a0Gg50000028DDSEA2","true","","false","","On Linked Step Completion","","","","On Linked Step Creation"
"[Process_Flow_Document__c]","a0Dg5000004xifiEAA","false","Technical Specification Document","2026-02-05T11:20:45.000+0000","005g5000002JmPZAA0","2026-02-05T11:20:45.000+0000","005g5000002JmPZAA0","2026-02-05T11:20:45.000+0000","","","","a0Gg50000028DDSEA2","true","","false","","On Linked Step Completion","","","","On Linked Step Creation"
"[Process_Flow_Document__c]","a0Dg5000004xifjEAA","false","Proof of Work","2026-02-05T11:20:45.000+0000","005g5000002JmPZAA0","2026-02-05T11:20:45.000+0000","005g5000002JmPZAA0","2026-02-05T11:20:45.000+0000","","","","a0Gg50000028DDSEA2","true","","false","","On Linked Step Completion","","","","On Linked Step Creation"
"[Process_Flow_Document__c]","a0Dg5000004xifkEAA","false","Proof of Work","2026-02-05T11:20:45.000+0000","005g5000002JmPZAA0","2026-02-05T11:20:45.000+0000","005g5000002JmPZAA0","2026-02-05T11:20:45.000+0000","","","","a0Gg50000028DDSEA2","true","","false","","On Linked Step Completion","","","","On Linked Step Creation"
"[Process_Flow_Document__c]","a0Dg5000004xiflEAA","false","VPR Document","2026-02-05T11:20:45.000+0000","005g5000002JmPZAA0","2026-02-05T11:20:45.000+0000","005g5000002JmPZAA0","2026-02-05T11:20:45.000+0000","","","","a0Gg50000028DDSEA2","true","","false","","On Linked Step Completion","","","","On Linked Step Creation"
"[Process_Flow_Document__c]","a0Dg5000004xifmEAA","false","Accounts POP","2026-02-05T11:20:45.000+0000","005g5000002JmPZAA0","2026-02-05T11:20:45.000+0000","005g5000002JmPZAA0","2026-02-05T11:20:45.000+0000","","","","a0Gg50000028DDSEA2","true","","false","","On Linked Step Completion","","","","On Linked Step Creation"
"[Process_Flow_Document__c]","a0Dg5000004xjIGEAY","false","Cost Comparison Verification","2026-02-05T11:20:44.000+0000","005g5000002JmPZAA0","2026-02-05T11:20:44.000+0000","005g5000002JmPZAA0","2026-02-05T11:20:44.000+0000","","","","a0Gg50000028E1REAU","true","","false","","On Linked Step Completion","","","","On Linked Step Creation"
"[Process_Flow_Document__c]","a0Dg5000004xjIHEAY","false","Proposals","2026-02-05T11:20:44.000+0000","005g5000002JmPZAA0","2026-02-05T11:20:44.000+0000","005g5000002JmPZAA0","2026-02-05T11:20:44.000+0000","","","","a0Gg50000028E1REAU","true","","false","","On Linked Step Completion","","","","On Linked Step Creation"
"[Process_Flow_Document__c]","a0Dg5000004xjIIEAY","false","PO Document","2026-02-05T11:20:44.000+0000","005g5000002JmPZAA0","2026-02-05T11:20:44.000+0000","005g5000002JmPZAA0","2026-02-05T11:20:44.000+0000","","","","a0Gg50000028E1REAU","true","","false","","On Linked Step Completion","","","","On Linked Step Creation"
"[Process_Flow_Document__c]","a0Dg5000004xjIJEAY","false","APN Document","2026-02-05T11:20:44.000+0000","005g5000002JmPZAA0","2026-02-05T11:20:44.000+0000","005g5000002JmPZAA0","2026-02-05T11:20:44.000+0000","","","","a0Gg50000028E1REAU","true","","false","","On Linked Step Completion","","","","On Linked Step Creation"
"[Process_Flow_Document__c]","a0Dg5000004xjIKEAY","false","VPR Document","2026-02-05T11:20:44.000+0000","005g5000002JmPZAA0","2026-02-05T11:20:44.000+0000","005g5000002JmPZAA0","2026-02-05T11:20:44.000+0000","","","","a0Gg50000028E1REAU","true","","false","","On Linked Step Completion","","","","On Linked Step Creation"
"[Process_Flow_Document__c]","a0Dg5000004xjILEAY","false","Proof of Work","2026-02-05T11:20:44.000+0000","005g5000002JmPZAA0","2026-02-05T11:20:44.000+0000","005g5000002JmPZAA0","2026-02-05T11:20:44.000+0000","","","","a0Gg50000028E1REAU","true","","false","","On Linked Step Completion","","","","On Linked Step Creation"
"[Process_Flow_Document__c]","a0Dg5000004xjIMEAY","false","Attach IC copy","2026-02-05T11:20:44.000+0000","005g5000002JmPZAA0","2026-02-05T11:20:44.000+0000","005g5000002JmPZAA0","2026-02-05T11:20:44.000+0000","","","","a0Gg50000028DuzEAE","true","","false","","On Linked Step Completion","","","",""
"[Process_Flow_Document__c]","a0Dg5000004xjINEAY","false","Passport Copy / Emirates ID","2026-02-05T11:20:44.000+0000","005g5000002JmPZAA0","2026-02-05T11:20:44.000+0000","005g5000002JmPZAA0","2026-02-05T11:20:44.000+0000","","","","a0Gg50000028DuzEAE","true","","false","","On Linked Step Completion","","","","On Linked Step Creation"
"[Process_Flow_Document__c]","a0Dg5000004xjIOEAY","false","Proof of payment","2026-02-05T11:20:44.000+0000","005g5000002JmPZAA0","2026-02-05T11:20:44.000+0000","005g5000002JmPZAA0","2026-02-05T11:20:44.000+0000","","","","a0Gg50000028DuzEAE","true","","false","","On Linked Step Completion","","","","On Linked Step Creation"
"[Process_Flow_Document__c]","a0Dg5000004xjIPEAY","false","Recee References","2026-02-05T11:20:44.000+0000","005g5000002JmPZAA0","2026-02-05T11:20:44.000+0000","005g5000002JmPZAA0","2026-02-05T11:20:44.000+0000","","","","a0Gg50000028E1REAU","true","","false","","On Linked Step Completion","","","","On Linked Step Creation"
"[Process_Flow_Document__c]","a0Dg5000004xl4XEAQ","false","Proposals","2026-02-05T11:20:45.000+0000","005g5000002JmPZAA0","2026-02-05T11:20:45.000+0000","005g5000002JmPZAA0","2026-02-05T11:20:45.000+0000","","","","a0Gg50000027x0dEAA","true","","false","","On Linked Step Completion","","","","On Linked Step Creation"
"[Process_Flow_Document__c]","a0Dg5000004xl4YEAQ","false","Cost Comparison Verification","2026-02-05T11:20:45.000+0000","005g5000002JmPZAA0","2026-02-05T11:20:45.000+0000","005g5000002JmPZAA0","2026-02-05T11:20:45.000+0000","","","","a0Gg50000027x0dEAA","true","","false","","On Linked Step Completion","","","","On Linked Step Creation"
"[Process_Flow_Document__c]","a0Dg5000004xl4ZEAQ","false","PO Document","2026-02-05T11:20:45.000+0000","005g5000002JmPZAA0","2026-02-05T11:20:45.000+0000","005g5000002JmPZAA0","2026-02-05T11:20:45.000+0000","","","","a0Gg50000027x0dEAA","true","","false","","On Linked Step Completion","","","","On Linked Step Creation"
"[Process_Flow_Document__c]","a0Dg5000004xl4aEAA","false","APN Document","2026-02-05T11:20:45.000+0000","005g5000002JmPZAA0","2026-02-05T11:20:45.000+0000","005g5000002JmPZAA0","2026-02-05T11:20:45.000+0000","","","","a0Gg50000027x0dEAA","true","","false","","On Linked Step Completion","","","","On Linked Step Creation"
"[Process_Flow_Document__c]","a0Dg5000004xl4bEAA","false","VPR Document","2026-02-05T11:20:45.000+0000","005g5000002JmPZAA0","2026-02-05T11:20:45.000+0000","005g5000002JmPZAA0","2026-02-05T11:20:45.000+0000","","","","a0Gg50000027x0dEAA","true","","false","","On Linked Step Completion","","","","On Linked Step Creation"
"[Process_Flow_Document__c]","a0Dg5000004xl4cEAA","false","Proof of Work","2026-02-05T11:20:45.000+0000","005g5000002JmPZAA0","2026-02-05T11:20:45.000+0000","005g5000002JmPZAA0","2026-02-05T11:20:45.000+0000","","","","a0Gg50000027x0dEAA","true","","false","","On Linked Step Completion","","","","On Linked Step Creation"
"[Process_Flow_Document__c]","a0Dg5000004xl4dEAA","false","Proof of Work","2026-02-05T11:20:45.000+0000","005g5000002JmPZAA0","2026-02-05T11:20:45.000+0000","005g5000002JmPZAA0","2026-02-05T11:20:45.000+0000","","","","a0Gg50000027x0dEAA","true","","false","","On Linked Step Completion","","","","On Linked Step Creation"
"[Process_Flow_Document__c]","a0Dg5000004xl4eEAA","false","Technical Specification Document","2026-02-05T11:20:45.000+0000","005g5000002JmPZAA0","2026-02-05T11:20:45.000+0000","005g5000002JmPZAA0","2026-02-05T11:20:45.000+0000","","","","a0Gg50000027x0dEAA","true","","false","","On Linked Step Completion","","","","On Linked Step Creation"
"[Process_Flow_Document__c]","a0Dg5000004xl4fEAA","false","Accounts POP","2026-02-05T11:20:45.000+0000","005g5000002JmPZAA0","2026-02-05T11:20:45.000+0000","005g5000002JmPZAA0","2026-02-05T11:20:45.000+0000","","","","a0Gg50000027x0dEAA","true","","false","","On Linked Step Completion","","","","On Linked Step Creation"
"[Process_Flow_Document__c]","a0Dg5000004xl4gEAA","false","Accounts POP","2026-02-05T11:20:45.000+0000","005g5000002JmPZAA0","2026-02-05T11:20:45.000+0000","005g5000002JmPZAA0","2026-02-05T11:20:45.000+0000","","","","a0Gg50000027x0dEAA","true","","false","","On Linked Step Completion","","","","On Linked Step Creation"
"[Process_Flow_Document__c]","a0Dg5000004xl4hEAA","false","PO Document","2026-02-05T11:20:45.000+0000","005g5000002JmPZAA0","2026-02-05T11:20:45.000+0000","005g5000002JmPZAA0","2026-02-05T11:20:45.000+0000","","","","a0Gg50000028DDSEA2","false","","false","","On BP Submit","","","","On Linked Step Creation"
"[Process_Flow_Document__c]","a0Dg5000004xl4iEAA","false","Booking Form","2026-02-05T11:20:45.000+0000","005g5000002JmPZAA0","2026-02-05T11:20:45.000+0000","005g5000002JmPZAA0","2026-02-05T11:20:45.000+0000","","","","a0Gg50000028Bd4EAE","true","","false","","","","","",""
"[Process_Flow_Document__c]","a0Dg5000004xl4jEAA","false","SPA","2026-02-05T11:20:45.000+0000","005g5000002JmPZAA0","2026-02-05T11:20:45.000+0000","005g5000002JmPZAA0","2026-02-05T11:20:45.000+0000","","","","a0Gg50000028Bd4EAE","true","","false","","","","","",""
"[Process_Flow_Document__c]","a0Dg5000004xl4kEAA","false","Initial Contract of Sale","2026-02-05T11:20:45.000+0000","005g5000002JmPZAA0","2026-02-05T11:20:45.000+0000","005g5000002JmPZAA0","2026-02-05T11:20:45.000+0000","","","","a0Gg50000028Bd4EAE","true","","false","","","","","",""
"[Process_Flow_Document__c]","a0Dg5000004xl4lEAA","false","Updated SOA","2026-02-05T11:20:45.000+0000","005g5000002JmPZAA0","2026-02-05T11:20:45.000+0000","005g5000002JmPZAA0","2026-02-05T11:20:45.000+0000","","","","a0Gg50000028Bd4EAE","true","","false","","","","","",""
"[Process_Flow_Document__c]","a0Dg5000004xl4mEAA","false","All communications exchanged with the vendor/customer","2026-02-05T11:20:45.000+0000","005g5000002JmPZAA0","2026-02-05T11:20:45.000+0000","005g5000002JmPZAA0","2026-02-05T11:20:45.000+0000","","","","a0Gg50000028Bd4EAE","true","","false","","","","","",""
"[Process_Flow_Document__c]","a0Dg5000004xl4nEAA","false","Construction Progress Report issued by RERA","2026-02-05T11:20:45.000+0000","005g5000002JmPZAA0","2026-02-05T11:20:45.000+0000","005g5000002JmPZAA0","2026-02-05T11:20:45.000+0000","","","","a0Gg50000028Bd4EAE","true","","false","","","","","",""
"[Process_Flow_Document__c]","a0Dg5000004xl4oEAA","false","Support Documents","2026-02-05T11:20:45.000+0000","005g5000002JmPZAA0","2026-02-05T11:20:45.000+0000","005g5000002JmPZAA0","2026-02-05T11:20:45.000+0000","","","","a0Gg50000028Bd4EAE","true","","false","","","","","",""
"[Process_Flow_Document__c]","a0Dg5000004xl4pEAA","false","Accounts POP","2026-02-05T11:20:45.000+0000","005g5000002JmPZAA0","2026-02-05T11:20:45.000+0000","005g5000002JmPZAA0","2026-02-05T11:20:45.000+0000","","","","a0Gg50000028EB7EAM","true","","false","","On Linked Step Completion","","","","On Linked Step Creation"
"[Process_Flow_Document__c]","a0Dg5000004xl4qEAA","false","Accounts POP","2026-02-05T11:20:45.000+0000","005g5000002JmPZAA0","2026-02-05T11:20:45.000+0000","005g5000002JmPZAA0","2026-02-05T11:20:45.000+0000","","","","a0Gg50000028EB7EAM","true","","false","","On Linked Step Completion","","","","On Linked Step Creation"
"[Process_Flow_Document__c]","a0Dg5000004xl4rEAA","false","PO Document","2026-02-05T11:20:45.000+0000","005g5000002JmPZAA0","2026-02-05T11:20:45.000+0000","005g5000002JmPZAA0","2026-02-05T11:20:45.000+0000","","","","a0Gg50000028DDSEA2","true","","false","","On Linked Step Completion","","","","On Linked Step Creation"
"[Process_Flow_Document__c]","a0Dg5000004xl4sEAA","false","APN Document","2026-02-05T11:20:45.000+0000","005g5000002JmPZAA0","2026-02-05T11:20:45.000+0000","005g5000002JmPZAA0","2026-02-05T11:20:45.000+0000","","","","a0Gg50000028DDSEA2","true","","false","","On Linked Step Completion","","","","On Linked Step Creation"
"[Process_Flow_Document__c]","a0Dg5000004xl4tEAA","false","Accounts POP","2026-02-05T11:20:45.000+0000","005g5000002JmPZAA0","2026-02-05T11:20:45.000+0000","005g5000002JmPZAA0","2026-02-05T11:20:45.000+0000","","","","a0Gg50000028DDSEA2","true","","false","","On Linked Step Completion","","","","On Linked Step Creation"
"[Process_Flow_Document__c]","a0Dg5000004xl4uEAA","false","Procurement Quote Upload","2026-02-05T11:20:45.000+0000","005g5000002JmPZAA0","2026-02-05T11:20:45.000+0000","005g5000002JmPZAA0","2026-02-05T11:20:45.000+0000","","","","a0Gg50000028DDSEA2","true","","false","","On Linked Step Completion","","","","On Linked Step Creation"
"[Process_Flow_Document__c]","a0Dg5000004xl4vEAA","false","Cost Comparison","2026-02-05T11:20:45.000+0000","005g5000002JmPZAA0","2026-02-05T11:20:45.000+0000","005g5000002JmPZAA0","2026-02-05T11:20:45.000+0000","","","","a0Gg50000028DDSEA2","true","","false","","On Linked Step Completion","","","","On Linked Step Creation"
"[Process_Flow_Document__c]","a0Dg5000004xl4wEAA","false","VPR Document","2026-02-05T11:20:45.000+0000","005g5000002JmPZAA0","2026-02-05T11:20:45.000+0000","005g5000002JmPZAA0","2026-02-05T11:20:45.000+0000","","","","a0Gg50000028DDSEA2","true","","false","","On Linked Step Completion","","","","On Linked Step Creation"
"[Process_Flow_Document__c]","a0Dg5000004xl4xEAA","false","Proof of Work","2026-02-05T11:20:45.000+0000","005g5000002JmPZAA0","2026-02-05T11:20:45.000+0000","005g5000002JmPZAA0","2026-02-05T11:20:45.000+0000","","","","a0Gg50000028DDSEA2","true","","false","","On Linked Step Completion","","","","On Linked Step Creation"
"[Process_Flow_Document__c]","a0Dg5000004xl4yEAA","false","Proof of Work","2026-02-05T11:20:45.000+0000","005g5000002JmPZAA0","2026-02-05T11:20:45.000+0000","005g5000002JmPZAA0","2026-02-05T11:20:45.000+0000","","","","a0Gg50000028DDSEA2","true","","false","","On Linked Step Completion","","","","On Linked Step Creation"
"[Process_Flow_Document__c]","a0Dg5000004xl4zEAA","false","Accounts POP","2026-02-05T11:20:45.000+0000","005g5000002JmPZAA0","2026-02-05T11:20:45.000+0000","005g5000002JmPZAA0","2026-02-05T11:20:45.000+0000","","","","a0Gg50000028DDSEA2","true","","false","","On Linked Step Completion","","","","On Linked Step Creation"
"[Process_Flow_Document__c]","a0Dg5000004xl50EAA","false","Technical Specification Document","2026-02-05T11:20:45.000+0000","005g5000002JmPZAA0","2026-02-05T11:20:45.000+0000","005g5000002JmPZAA0","2026-02-05T11:20:45.000+0000","","","","a0Gg50000028DDSEA2","true","","false","","On Linked Step Completion","","","","On Linked Step Creation"
"[Process_Flow_Document__c]","a0Dg5000004xq3bEAA","false","AC layout","2026-02-05T11:20:44.000+0000","005g5000002JmPZAA0","2026-02-05T11:20:44.000+0000","005g5000002JmPZAA0","2026-02-05T11:20:44.000+0000","","","","a0Gg50000028DADEA2","true","","false","","","","","",""
"[Process_Flow_Document__c]","a0Dg5000004xq3cEAA","false","Ventilation layout","2026-02-05T11:20:44.000+0000","005g5000002JmPZAA0","2026-02-05T11:20:44.000+0000","005g5000002JmPZAA0","2026-02-05T11:20:44.000+0000","","","","a0Gg50000028DADEA2","true","","false","","","","","",""
"[Process_Flow_Document__c]","a0Dg5000004xq3dEAA","false","CDP layout","2026-02-05T11:20:44.000+0000","005g5000002JmPZAA0","2026-02-05T11:20:44.000+0000","005g5000002JmPZAA0","2026-02-05T11:20:44.000+0000","","","","a0Gg50000028DADEA2","true","","false","","","","","",""
"[Process_Flow_Document__c]","a0Dg5000004xq3eEAA","false","Community Fee Payment Proof Document","2026-02-05T11:20:44.000+0000","005g5000002JmPZAA0","2026-02-05T11:20:44.000+0000","005g5000002JmPZAA0","2026-02-05T11:20:44.000+0000","","","","a0Gg50000028DADEA2","true","","false","","","","","",""
"[Process_Flow_Document__c]","a0Dg5000004xq3fEAA","false","Include In NOC","2026-02-05T11:20:44.000+0000","005g5000002JmPZAA0","2026-02-05T11:20:44.000+0000","005g5000002JmPZAA0","2026-02-05T11:20:44.000+0000","","","","a0Gg50000028DADEA2","true","","false","","","","","",""
"[Process_Flow_Document__c]","a0Dg5000004xq3gEAA","false","Chilled water piping layout","2026-02-05T11:20:44.000+0000","005g5000002JmPZAA0","2026-02-05T11:20:44.000+0000","005g5000002JmPZAA0","2026-02-05T11:20:44.000+0000","","","","a0Gg50000028DADEA2","true","","false","","","","","",""
"[Process_Flow_Document__c]","a0Dg5000004xq3hEAA","false","Drainage layout","2026-02-05T11:20:44.000+0000","005g5000002JmPZAA0","2026-02-05T11:20:44.000+0000","005g5000002JmPZAA0","2026-02-05T11:20:44.000+0000","","","","a0Gg50000028DADEA2","true","","false","","","","","",""
"[Process_Flow_Document__c]","a0Dg5000004xq3iEAA","false","Load distribution schedule","2026-02-05T11:20:44.000+0000","005g5000002JmPZAA0","2026-02-05T11:20:44.000+0000","005g5000002JmPZAA0","2026-02-05T11:20:44.000+0000","","","","a0Gg50000028DADEA2","true","","false","","","","","",""
"[Process_Flow_Document__c]","a0Dg5000004xq3jEAA","false","Water supply layout","2026-02-05T11:20:44.000+0000","005g5000002JmPZAA0","2026-02-05T11:20:44.000+0000","005g5000002JmPZAA0","2026-02-05T11:20:44.000+0000","","","","a0Gg50000028DADEA2","true","","false","","","","","",""
"[Process_Flow_Document__c]","a0Dg5000004xq3kEAA","false","Fire Alarm layout","2026-02-05T11:20:44.000+0000","005g5000002JmPZAA0","2026-02-05T11:20:44.000+0000","005g5000002JmPZAA0","2026-02-05T11:20:44.000+0000","","","","a0Gg50000028DADEA2","true","","false","","","","","",""
"[Process_Flow_Document__c]","a0Dg5000004xq3lEAA","false","Emirates ID / Passport","2026-02-05T11:20:44.000+0000","005g5000002JmPZAA0","2026-02-05T11:20:44.000+0000","005g5000002JmPZAA0","2026-02-05T11:20:44.000+0000","","","","a0Gg50000028DtNEAU","true","","false","","","","","",""
"[Process_Flow_Document__c]","a0Dg5000004xq3mEAA","false","Written justification for non-registration","2026-02-05T11:20:44.000+0000","005g5000002JmPZAA0","2026-02-05T11:20:44.000+0000","005g5000002JmPZAA0","2026-02-05T11:20:44.000+0000","","","","a0Gg50000028DtNEAU","true","","false","","","","","",""
"[Process_Flow_Document__c]","a0Dg5000004xq3nEAA","false","Exclude Admin Fee Proof","2026-02-05T11:20:44.000+0000","005g5000002JmPZAA0","2026-02-05T11:20:44.000+0000","005g5000002JmPZAA0","2026-02-05T11:20:44.000+0000","","","","a0Gg500000287KDEAY","true","","false","","","","","",""
"[Process_Flow_Document__c]","a0Dg5000004xq3oEAA","false","Exclude Admin Fee Proof","2026-02-05T11:20:44.000+0000","005g5000002JmPZAA0","2026-02-05T11:20:44.000+0000","005g5000002JmPZAA0","2026-02-05T11:20:44.000+0000","","","","a0Gg50000028DTZEA2","true","","false","","","","","",""
"[Process_Flow_Document__c]","a0Dg5000004xq3pEAA","false","Design Desk Document","2026-02-05T11:20:44.000+0000","005g5000002JmPZAA0","2026-02-05T11:20:44.000+0000","005g5000002JmPZAA0","2026-02-05T11:20:44.000+0000","","","","a0Gg50000028DoXEAU","true","","false","","On Linked Step Completion","","","","On Linked Step Creation"
"[Process_Flow_Document__c]","a0Dg5000004xq3qEAA","false","Commercials","2026-02-05T11:20:44.000+0000","005g5000002JmPZAA0","2026-02-05T11:20:44.000+0000","005g5000002JmPZAA0","2026-02-05T11:20:44.000+0000","","","","a0Gg50000028DoXEAU","true","","false","","On Linked Step Completion","","","","On Linked Step Creation"
"[Process_Flow_Document__c]","a0Dg5000004xq3rEAA","false","Digital Mockups","2026-02-05T11:20:44.000+0000","005g5000002JmPZAA0","2026-02-05T11:20:44.000+0000","005g5000002JmPZAA0","2026-02-05T11:20:44.000+0000","","","","a0Gg50000028DoXEAU","true","","false","","On Linked Step Completion","","","","On Linked Step Creation"
"[Process_Flow_Document__c]","a0Dg5000004xq3sEAA","false","Technical Proposals","2026-02-05T11:20:44.000+0000","005g5000002JmPZAA0","2026-02-05T11:20:44.000+0000","005g5000002JmPZAA0","2026-02-05T11:20:44.000+0000","","","","a0Gg50000028DoXEAU","true","","false","","On Linked Step Completion","","","","On Linked Step Creation"
"[Process_Flow_Document__c]","a0Dg5000004xq3tEAA","false","Design Desk Document","2026-02-05T11:20:44.000+0000","005g5000002JmPZAA0","2026-02-05T11:20:44.000+0000","005g5000002JmPZAA0","2026-02-05T11:20:44.000+0000","","","","a0Gg50000028DmvEAE","true","","false","","On Linked Step Completion","","","","On BP Creation"
"[Process_Flow_Document__c]","a0Dg5000004xq3uEAA","false","Proposals","2026-02-05T11:20:44.000+0000","005g5000002JmPZAA0","2026-02-05T11:20:44.000+0000","005g5000002JmPZAA0","2026-02-05T11:20:44.000+0000","","","","a0Gg50000028DmvEAE","true","","false","","On Linked Step Completion","","","","On BP Creation"
"[Process_Flow_Document__c]","a0Dg5000004xrpOEAQ","false","Cancelation Notice With Authorized Signatory","2026-02-05T11:20:43.000+0000","005g5000002JmPZAA0","2026-02-05T11:20:43.000+0000","005g5000002JmPZAA0","2026-02-05T11:20:43.000+0000","","","","a0Gg50000027uhvEAA","true","","false","","","","","",""
"[Process_Flow_Document__c]","a0Dg5000004xrpPEAQ","false","Final Notice With Authorized Signatory","2026-02-05T11:20:43.000+0000","005g5000002JmPZAA0","2026-02-05T11:20:43.000+0000","005g5000002JmPZAA0","2026-02-05T11:20:43.000+0000","","","","a0Gg50000027uhvEAA","true","","false","","","","","",""
"[Process_Flow_Document__c]","a0Dg5000004xrpQEAQ","false","Signed Indemnity Letter","2026-02-05T11:20:43.000+0000","005g5000002JmPZAA0","2026-02-05T11:20:43.000+0000","005g5000002JmPZAA0","2026-02-05T11:20:43.000+0000","","","","a0Gg500000287KDEAY","true","","false","","","","","",""
"[Process_Flow_Document__c]","a0Dg5000004xrpREAQ","false","Signed Indemnity Letter","2026-02-05T11:20:43.000+0000","005g5000002JmPZAA0","2026-02-05T11:20:43.000+0000","005g5000002JmPZAA0","2026-02-05T11:20:43.000+0000","","","","a0Gg50000028DTZEA2","true","","false","","","","","",""
"[Process_Flow_Document__c]","a0Dg5000004xrpSEAQ","false","Signed Indemnity Letter","2026-02-05T11:20:43.000+0000","005g5000002JmPZAA0","2026-02-05T11:20:43.000+0000","005g5000002JmPZAA0","2026-02-05T11:20:43.000+0000","","","","a0Gg500000281ebEAA","true","","false","","","","","",""
"[Process_Flow_Document__c]","a0Dg5000004xrpTEAQ","false","ID Proof (Third-party)","2026-02-05T11:20:43.000+0000","005g5000002JmPZAA0","2026-02-05T11:20:43.000+0000","005g5000002JmPZAA0","2026-02-05T11:20:43.000+0000","","","","a0Gg50000028A9GEAU","true","","false","","","","","",""
"[Process_Flow_Document__c]","a0Dg5000004xrpUEAQ","false","Security Deposit Cheque Proof Document","2026-02-05T11:20:43.000+0000","005g5000002JmPZAA0","2026-02-05T11:20:43.000+0000","005g5000002JmPZAA0","2026-02-05T11:20:43.000+0000","","","","a0Gg50000027ySDEAY","true","","false","","","","","",""
"[Process_Flow_Document__c]","a0Dg5000004xrpVEAQ","false","Include In NOC","2026-02-05T11:20:43.000+0000","005g5000002JmPZAA0","2026-02-05T11:20:43.000+0000","005g5000002JmPZAA0","2026-02-05T11:20:43.000+0000","","","","a0Gg50000027ySDEAY","true","","false","","","","","",""
"[Process_Flow_Document__c]","a0Dg5000004xrpWEAQ","false","Partition Layout","2026-02-05T11:20:43.000+0000","005g5000002JmPZAA0","2026-02-05T11:20:43.000+0000","005g5000002JmPZAA0","2026-02-05T11:20:43.000+0000","","","","a0Gg50000028DADEA2","true","","false","","","","","",""
"[Process_Flow_Document__c]","a0Dg5000004xrpXEAQ","false","Proposed Layout","2026-02-05T11:20:43.000+0000","005g5000002JmPZAA0","2026-02-05T11:20:43.000+0000","005g5000002JmPZAA0","2026-02-05T11:20:43.000+0000","","","","a0Gg50000028DADEA2","true","","false","","","","","",""
"[Process_Flow_Document__c]","a0Dg5000004xveQEAQ","false","Procurement Quote Upload","2026-02-05T11:20:44.000+0000","005g5000002JmPZAA0","2026-02-05T11:20:44.000+0000","005g5000002JmPZAA0","2026-02-05T11:20:44.000+0000","","","","a0Gg50000028DwbEAE","true","","false","","On Linked Step Completion","","","","On BP Creation"
"[Process_Flow_Document__c]","a0Dg5000004xveREAQ","false","Vendor Costs Comparision Document","2026-02-05T11:20:44.000+0000","005g5000002JmPZAA0","2026-02-05T11:20:44.000+0000","005g5000002JmPZAA0","2026-02-05T11:20:44.000+0000","","","","a0Gg50000028DwbEAE","true","","false","","On Linked Step Completion","","","","On BP Creation"
"[Process_Flow_Document__c]","a0Dg5000004xveSEAQ","false","Technical Specification Document","2026-02-05T11:20:44.000+0000","005g5000002JmPZAA0","2026-02-05T11:20:44.000+0000","005g5000002JmPZAA0","2026-02-05T11:20:44.000+0000","","","","a0Gg50000028DwbEAE","true","","false","","On Linked Step Completion","","","","On BP Creation"
"[Process_Flow_Document__c]","a0Dg5000004xveTEAQ","false","PO Document","2026-02-05T11:20:44.000+0000","005g5000002JmPZAA0","2026-02-05T11:20:44.000+0000","005g5000002JmPZAA0","2026-02-05T11:20:44.000+0000","","","","a0Gg50000028DwbEAE","true","","false","","On Linked Step Completion","","","","On BP Creation"
"[Process_Flow_Document__c]","a0Dg5000004xveUEAQ","false","APN Document","2026-02-05T11:20:44.000+0000","005g5000002JmPZAA0","2026-02-05T11:20:44.000+0000","005g5000002JmPZAA0","2026-02-05T11:20:44.000+0000","","","","a0Gg50000028DwbEAE","true","","false","","On Linked Step Completion","","","","On BP Creation"
"[Process_Flow_Document__c]","a0Dg5000004xveVEAQ","false","Digital Flipbook","2026-02-05T11:20:44.000+0000","005g5000002JmPZAA0","2026-02-05T11:20:44.000+0000","005g5000002JmPZAA0","2026-02-05T11:20:44.000+0000","","","","a0Gg50000028DwbEAE","true","","false","","On Linked Step Completion","","","","On BP Creation"
"[Process_Flow_Document__c]","a0Dg5000004xveWEAQ","false","Soft Proof For QC","2026-02-05T11:20:44.000+0000","005g5000002JmPZAA0","2026-02-05T11:20:44.000+0000","005g5000002JmPZAA0","2026-02-05T11:20:44.000+0000","","","","a0Gg50000028DwbEAE","true","","false","","On Linked Step Completion","","","","On BP Creation"
"[Process_Flow_Document__c]","a0Dg5000004xveXEAQ","false","Proof of Work","2026-02-05T11:20:44.000+0000","005g5000002JmPZAA0","2026-02-05T11:20:44.000+0000","005g5000002JmPZAA0","2026-02-05T11:20:44.000+0000","","","","a0Gg50000028DwbEAE","true","","false","","On Linked Step Completion","","","","On BP Creation"
"[Process_Flow_Document__c]","a0Dg5000004xveYEAQ","false","Digital Flipbook","2026-02-05T11:20:44.000+0000","005g5000002JmPZAA0","2026-02-05T11:20:44.000+0000","005g5000002JmPZAA0","2026-02-05T11:20:44.000+0000","","","","a0Gg50000028DwbEAE","true","","false","","On Linked Step Completion","","","","On Linked Step Creation"
"[Process_Flow_Document__c]","a0Dg5000004xveZEAQ","false","Proof of Work","2026-02-05T11:20:44.000+0000","005g5000002JmPZAA0","2026-02-05T11:20:44.000+0000","005g5000002JmPZAA0","2026-02-05T11:20:44.000+0000","","","","a0Gg50000028DwbEAE","true","","false","","On Linked Step Completion","","","","On Linked Step Creation"
"[Process_Flow_Document__c]","a0Dg5000004xvzUEAQ","false","Legal Fact","2026-02-05T11:20:44.000+0000","005g5000002JmPZAA0","2026-02-05T11:20:44.000+0000","005g5000002JmPZAA0","2026-02-05T11:20:44.000+0000","","","","a0Gg5000001YrMHEA0","true","","false","","","","","",""
"[Process_Flow_Document__c]","a0Dg5000004xvzVEAQ","false","Oqood Survey Inventory","2026-02-05T11:20:44.000+0000","005g5000002JmPZAA0","2026-02-05T11:20:44.000+0000","005g5000002JmPZAA0","2026-02-05T11:20:44.000+0000","","","","a0Gg5000001YrMHEA0","true","","false","","","","","",""
"[Process_Flow_Document__c]","a0Dg5000004xvzWEAQ","false","SPA Layout","2026-02-05T11:20:44.000+0000","005g5000002JmPZAA0","2026-02-05T11:20:44.000+0000","005g5000002JmPZAA0","2026-02-05T11:20:44.000+0000","","","","a0Gg5000001YrMHEA0","true","","false","","","","","",""
"[Process_Flow_Document__c]","a0Dg5000004xvzXEAQ","false","Bank Payment Note","2026-02-05T11:20:44.000+0000","005g5000002JmPZAA0","2026-02-05T11:20:44.000+0000","005g5000002JmPZAA0","2026-02-05T11:20:44.000+0000","","","","a0Gg500000287RQEAY","true","","false","","","","","",""
"[Process_Flow_Document__c]","a0Dg5000004xvzYEAQ","false","Initiation Copy","2026-02-05T11:20:44.000+0000","005g5000002JmPZAA0","2026-02-05T11:20:44.000+0000","005g5000002JmPZAA0","2026-02-05T11:20:44.000+0000","","","","a0Gg500000287RQEAY","true","","false","","","","","",""
"[Process_Flow_Document__c]","a0Dg5000004xvzZEAQ","false","Bank Payment Note (Approved)","2026-02-05T11:20:44.000+0000","005g5000002JmPZAA0","2026-02-05T11:20:44.000+0000","005g5000002JmPZAA0","2026-02-05T11:20:44.000+0000","","","","a0Gg500000287RQEAY","true","","false","","","","","",""
"[Process_Flow_Document__c]","a0Dg5000004xvzaEAA","false","Initiation Copy (Approved)","2026-02-05T11:20:44.000+0000","005g5000002JmPZAA0","2026-02-05T11:20:44.000+0000","005g5000002JmPZAA0","2026-02-05T11:20:44.000+0000","","","","a0Gg500000287RQEAY","true","","false","","","","","",""
"[Process_Flow_Document__c]","a0Dg5000004xvzbEAA","false","Voice Samples","2026-02-05T11:20:44.000+0000","005g5000002JmPZAA0","2026-02-05T11:20:44.000+0000","005g5000002JmPZAA0","2026-02-05T11:20:44.000+0000","","","","a0Gg500000286gXEAQ","true","","false","","On Linked Step Completion","","","","On BP Creation"
"[Process_Flow_Document__c]","a0Dg5000004xvzcEAA","false","Procurement Upload Quote","2026-02-05T11:20:44.000+0000","005g5000002JmPZAA0","2026-02-05T11:20:44.000+0000","005g5000002JmPZAA0","2026-02-05T11:20:44.000+0000","","","","a0Gg500000286gXEAQ","true","","false","","On Linked Step Completion","","","","On BP Creation"
"[Process_Flow_Document__c]","a0Dg5000004xvzdEAA","false","Trade License","2026-02-05T11:20:44.000+0000","005g5000002JmPZAA0","2026-02-05T11:20:44.000+0000","005g5000002JmPZAA0","2026-02-05T11:20:44.000+0000","","","","a0Gg50000028DTZEA2","true","","false","","","","","",""
"[Process_Flow_Document__c]","a0Dg5000004xxjLEAQ","false","Furniture Layout","2026-02-05T11:20:44.000+0000","005g5000002JmPZAA0","2026-02-05T11:20:44.000+0000","005g5000002JmPZAA0","2026-02-05T11:20:44.000+0000","","","","a0Gg50000028DADEA2","true","","false","","","","","",""
"[Process_Flow_Document__c]","a0Dg5000004xxjMEAQ","false","Wall finish layout","2026-02-05T11:20:44.000+0000","005g5000002JmPZAA0","2026-02-05T11:20:44.000+0000","005g5000002JmPZAA0","2026-02-05T11:20:44.000+0000","","","","a0Gg50000028DADEA2","true","","false","","","","","",""
"[Process_Flow_Document__c]","a0Dg5000004xxjNEAQ","false","False ceiling layout","2026-02-05T11:20:44.000+0000","005g5000002JmPZAA0","2026-02-05T11:20:44.000+0000","005g5000002JmPZAA0","2026-02-05T11:20:44.000+0000","","","","a0Gg50000028DADEA2","true","","false","","","","","",""
"[Process_Flow_Document__c]","a0Dg5000004xxjOEAQ","false","Floor finishes layout","2026-02-05T11:20:44.000+0000","005g5000002JmPZAA0","2026-02-05T11:20:44.000+0000","005g5000002JmPZAA0","2026-02-05T11:20:44.000+0000","","","","a0Gg50000028DADEA2","true","","false","","","","","",""
"[Process_Flow_Document__c]","a0Dg5000004xxjPEAQ","false","Sectional layout","2026-02-05T11:20:44.000+0000","005g5000002JmPZAA0","2026-02-05T11:20:44.000+0000","005g5000002JmPZAA0","2026-02-05T11:20:44.000+0000","","","","a0Gg50000028DADEA2","true","","false","","","","","",""
"[Process_Flow_Document__c]","a0Dg5000004xxjQEAQ","false","Elevation layout","2026-02-05T11:20:44.000+0000","005g5000002JmPZAA0","2026-02-05T11:20:44.000+0000","005g5000002JmPZAA0","2026-02-05T11:20:44.000+0000","","","","a0Gg50000028DADEA2","true","","false","","","","","",""
"[Process_Flow_Document__c]","a0Dg5000004xxjREAQ","false","Waterproofing layout","2026-02-05T11:20:44.000+0000","005g5000002JmPZAA0","2026-02-05T11:20:44.000+0000","005g5000002JmPZAA0","2026-02-05T11:20:44.000+0000","","","","a0Gg50000028DADEA2","true","","false","","","","","",""
"[Process_Flow_Document__c]","a0Dg5000004xxjSEAQ","false","Waterproofing specs","2026-02-05T11:20:44.000+0000","005g5000002JmPZAA0","2026-02-05T11:20:44.000+0000","005g5000002JmPZAA0","2026-02-05T11:20:44.000+0000","","","","a0Gg50000028DADEA2","true","","false","","","","","",""
"[Process_Flow_Document__c]","a0Dg5000004xxjTEAQ","false","Waterproofing MOS","2026-02-05T11:20:44.000+0000","005g5000002JmPZAA0","2026-02-05T11:20:44.000+0000","005g5000002JmPZAA0","2026-02-05T11:20:44.000+0000","","","","a0Gg50000028DADEA2","true","","false","","","","","",""
"[Process_Flow_Document__c]","a0Dg5000004xxjUEAQ","false","Signage","2026-02-05T11:20:44.000+0000","005g5000002JmPZAA0","2026-02-05T11:20:44.000+0000","005g5000002JmPZAA0","2026-02-05T11:20:44.000+0000","","","","a0Gg50000028DADEA2","true","","false","","","","","",""
"[Process_Flow_Document__c]","a0Dg5000004xxjVEAQ","false","Accounts POP","2026-02-05T11:20:45.000+0000","005g5000002JmPZAA0","2026-02-05T11:20:45.000+0000","005g5000002JmPZAA0","2026-02-05T11:20:45.000+0000","","","","a0Gg500000281fLEAQ","true","","false","","On Linked Step Completion","","","","On Linked Step Creation"
"[Process_Flow_Document__c]","a0Dg5000004xxjWEAQ","false","Technical Specification Document","2026-02-05T11:20:45.000+0000","005g5000002JmPZAA0","2026-02-05T11:20:45.000+0000","005g5000002JmPZAA0","2026-02-05T11:20:45.000+0000","","","","a0Gg500000281fLEAQ","true","","false","","On Linked Step Completion","","","","On Linked Step Creation"
"[Process_Flow_Document__c]","a0Dg5000004xxjXEAQ","false","Proposals","2026-02-05T11:20:45.000+0000","005g5000002JmPZAA0","2026-02-05T11:20:45.000+0000","005g5000002JmPZAA0","2026-02-05T11:20:45.000+0000","","","","a0Gg500000281fLEAQ","true","","false","","On Linked Step Completion","","","","On Linked Step Creation"
"[Process_Flow_Document__c]","a0Dg5000004xxjYEAQ","false","TAS Screenshot","2026-02-05T11:20:45.000+0000","005g5000002JmPZAA0","2026-02-05T11:20:45.000+0000","005g5000002JmPZAA0","2026-02-05T11:20:45.000+0000","","","","a0Gg500000287RQEAY","true","","false","","","","","",""
"[Process_Flow_Document__c]","a0Dg5000004xxjZEAQ","false","Technical Specification Document","2026-02-05T11:20:45.000+0000","005g5000002JmPZAA0","2026-02-05T11:20:45.000+0000","005g5000002JmPZAA0","2026-02-05T11:20:45.000+0000","","","","a0Gg50000028E7uEAE","true","","false","","On Linked Step Completion","","","","On Linked Step Creation"
"[Process_Flow_Document__c]","a0Dg5000004xxjaEAA","false","Cost Comparison","2026-02-05T11:20:45.000+0000","005g5000002JmPZAA0","2026-02-05T11:20:45.000+0000","005g5000002JmPZAA0","2026-02-05T11:20:45.000+0000","","","","a0Gg50000028E7uEAE","true","","false","","On Linked Step Completion","","","","On Linked Step Creation"
"[Process_Flow_Document__c]","a0Dg5000004y0FpEAI","false","SPA Word File","2026-02-05T11:20:45.000+0000","005g5000002JmPZAA0","2026-02-05T11:20:45.000+0000","005g5000002JmPZAA0","2026-02-05T11:20:45.000+0000","","","","a0Gg5000001YrMHEA0","true","","false","","","","","",""
"[Process_Flow_Document__c]","a0Dg5000004y0FqEAI","false","PM File","2026-02-05T11:20:45.000+0000","005g5000002JmPZAA0","2026-02-05T11:20:45.000+0000","005g5000002JmPZAA0","2026-02-05T11:20:45.000+0000","","","","a0Gg5000001YrMHEA0","true","","false","","","","","",""
"[Process_Flow_Document__c]","a0Dg5000004y0FrEAI","false","Escrow File","2026-02-05T11:20:45.000+0000","005g5000002JmPZAA0","2026-02-05T11:20:45.000+0000","005g5000002JmPZAA0","2026-02-05T11:20:45.000+0000","","","","a0Gg5000001YrMHEA0","true","","false","","","","","",""
"[Process_Flow_Document__c]","a0Dg5000004y0FsEAI","false","Buyer File","2026-02-05T11:20:45.000+0000","005g5000002JmPZAA0","2026-02-05T11:20:45.000+0000","005g5000002JmPZAA0","2026-02-05T11:20:45.000+0000","","","","a0Gg5000001YrMHEA0","true","","false","","","","","",""
"[Process_Flow_Document__c]","a0Dg5000004y0FtEAI","false","RERA Certificate","2026-02-05T11:20:45.000+0000","005g5000002JmPZAA0","2026-02-05T11:20:45.000+0000","005g5000002JmPZAA0","2026-02-05T11:20:45.000+0000","","","","a0Gg5000001YrMHEA0","true","","false","","","","","",""
"[Process_Flow_Document__c]","a0Dg5000004y0FuEAI","false","Development - SPA Draft Review","2026-02-05T11:20:45.000+0000","005g5000002JmPZAA0","2026-02-05T11:20:45.000+0000","005g5000002JmPZAA0","2026-02-05T11:20:45.000+0000","","","","a0Gg5000001YrMHEA0","true","","false","","","","","",""
"[Process_Flow_Document__c]","a0Dg5000004y0FvEAI","false","Development - SPA Review","2026-02-05T11:20:45.000+0000","005g5000002JmPZAA0","2026-02-05T11:20:45.000+0000","005g5000002JmPZAA0","2026-02-05T11:20:45.000+0000","","","","a0Gg5000001YrMHEA0","true","","false","","","","","",""
"[Process_Flow_Document__c]","a0Dg5000004y0FwEAI","false","Legal - SPA Review","2026-02-05T11:20:45.000+0000","005g5000002JmPZAA0","2026-02-05T11:20:45.000+0000","005g5000002JmPZAA0","2026-02-05T11:20:45.000+0000","","","","a0Gg5000001YrMHEA0","true","","false","","","","","",""
"[Process_Flow_Document__c]","a0Dg5000004y0FxEAI","false","DLD Registration - SPA Review","2026-02-05T11:20:45.000+0000","005g5000002JmPZAA0","2026-02-05T11:20:45.000+0000","005g5000002JmPZAA0","2026-02-05T11:20:45.000+0000","","","","a0Gg5000001YrMHEA0","true","","false","","","","","",""
"[Process_Flow_Document__c]","a0Dg5000004y0FyEAI","false","SPA CRM Review","2026-02-05T11:20:45.000+0000","005g5000002JmPZAA0","2026-02-05T11:20:45.000+0000","005g5000002JmPZAA0","2026-02-05T11:20:45.000+0000","","","","a0Gg5000001YrMHEA0","true","","false","","","","","",""
"[Process_Flow_Document__c]","a0Dg5000004y1bjEAA","false","Proposals","2026-02-05T11:20:45.000+0000","005g5000002JmPZAA0","2026-02-05T11:20:45.000+0000","005g5000002JmPZAA0","2026-02-05T11:20:45.000+0000","","","","a0Gg50000028DDSEA2","true","","false","","On Linked Step Completion","","","","On Linked Step Creation"
"[Process_Flow_Document__c]","a0Dg5000004y1bkEAA","false","Procurement Quote Upload","2026-02-05T11:20:45.000+0000","005g5000002JmPZAA0","2026-02-05T11:20:45.000+0000","005g5000002JmPZAA0","2026-02-05T11:20:45.000+0000","","","","a0Gg500000281fLEAQ","true","","false","","On Linked Step Completion","","","","On Linked Step Creation"
"[Process_Flow_Document__c]","a0Dg5000004y1blEAA","false","PO Document","2026-02-05T11:20:45.000+0000","005g5000002JmPZAA0","2026-02-05T11:20:45.000+0000","005g5000002JmPZAA0","2026-02-05T11:20:45.000+0000","","","","a0Gg500000281fLEAQ","true","","false","","On Linked Step Completion","","","","On Linked Step Creation"
"[Process_Flow_Document__c]","a0Dg5000004y1bmEAA","false","APN Document","2026-02-05T11:20:45.000+0000","005g5000002JmPZAA0","2026-02-05T11:20:45.000+0000","005g5000002JmPZAA0","2026-02-05T11:20:45.000+0000","","","","a0Gg500000281fLEAQ","true","","false","","On Linked Step Completion","","","","On Linked Step Creation"
"[Process_Flow_Document__c]","a0Dg5000004y1bnEAA","false","Accounts POP","2026-02-05T11:20:45.000+0000","005g5000002JmPZAA0","2026-02-05T11:20:45.000+0000","005g5000002JmPZAA0","2026-02-05T11:20:45.000+0000","","","","a0Gg500000281fLEAQ","true","","false","","On Linked Step Completion","","","","On Linked Step Creation"
"[Process_Flow_Document__c]","a0Dg5000004y1boEAA","false","Procurement Quote Upload","2026-02-05T11:20:45.000+0000","005g5000002JmPZAA0","2026-02-05T11:20:45.000+0000","005g5000002JmPZAA0","2026-02-05T11:20:45.000+0000","","","","a0Gg500000281fLEAQ","true","","false","","On Linked Step Completion","","","","On Linked Step Creation"
"[Process_Flow_Document__c]","a0Dg5000004y1bpEAA","false","Cost Comparison","2026-02-05T11:20:45.000+0000","005g5000002JmPZAA0","2026-02-05T11:20:45.000+0000","005g5000002JmPZAA0","2026-02-05T11:20:45.000+0000","","","","a0Gg500000281fLEAQ","true","","false","","On Linked Step Completion","","","","On Linked Step Creation"
"[Process_Flow_Document__c]","a0Dg5000004y1bqEAA","false","VPR Document","2026-02-05T11:20:45.000+0000","005g5000002JmPZAA0","2026-02-05T11:20:45.000+0000","005g5000002JmPZAA0","2026-02-05T11:20:45.000+0000","","","","a0Gg500000281fLEAQ","true","","false","","On Linked Step Completion","","","","On Linked Step Creation"
"[Process_Flow_Document__c]","a0Dg5000004y1brEAA","false","Proof of Work","2026-02-05T11:20:45.000+0000","005g5000002JmPZAA0","2026-02-05T11:20:45.000+0000","005g5000002JmPZAA0","2026-02-05T11:20:45.000+0000","","","","a0Gg500000281fLEAQ","true","","false","","On Linked Step Completion","","","","On Linked Step Creation"
"[Process_Flow_Document__c]","a0Dg5000004y1bsEAA","false","Proof of Work","2026-02-05T11:20:45.000+0000","005g5000002JmPZAA0","2026-02-05T11:20:45.000+0000","005g5000002JmPZAA0","2026-02-05T11:20:45.000+0000","","","","a0Gg500000281fLEAQ","true","","false","","On Linked Step Completion","","","","On Linked Step Creation"
"[Process_Flow_Document__c]","a0Dg5000004y30uEAA","false","Signed DSR Document","2026-02-05T11:20:42.000+0000","005g5000002JmPZAA0","2026-02-05T11:20:42.000+0000","005g5000002JmPZAA0","2026-02-05T11:20:42.000+0000","","","","a0Gg50000028DOjEAM","true","","false","","","","","",""
"[Process_Flow_Document__c]","a0Dg5000004y30vEAA","false","Approved BPN","2026-02-05T11:20:42.000+0000","005g5000002JmPZAA0","2026-02-05T11:20:42.000+0000","005g5000002JmPZAA0","2026-02-05T11:20:42.000+0000","","","","a0Gg50000028DWnEAM","true","","false","","","","","",""
"[Process_Flow_Document__c]","a0Dg5000004y30wEAA","false","Final Payment Proof","2026-02-05T11:20:42.000+0000","005g5000002JmPZAA0","2026-02-05T11:20:42.000+0000","005g5000002JmPZAA0","2026-02-05T11:20:42.000+0000","","","","a0Gg50000028DWnEAM","true","","false","","","","","",""
"[Process_Flow_Document__c]","a0Dg5000004y30xEAA","false","NOC Document","2026-02-05T11:20:42.000+0000","005g5000002JmPZAA0","2026-02-05T11:20:42.000+0000","005g5000002JmPZAA0","2026-02-05T11:20:42.000+0000","","","","a0Gg50000027ySDEAY","true","","false","","","","","",""
"[Process_Flow_Document__c]","a0Dg5000004y30yEAA","false","PNCA Approval Review documents","2026-02-05T11:20:42.000+0000","005g5000002JmPZAA0","2026-02-05T11:20:42.000+0000","005g5000002JmPZAA0","2026-02-05T11:20:42.000+0000","","","","a0Gg50000027ySDEAY","false","","false","","","","","",""
"[Process_Flow_Document__c]","a0Dg5000004y30zEAA","false","Development Approval review documents","2026-02-05T11:20:42.000+0000","005g5000002JmPZAA0","2026-02-05T11:20:42.000+0000","005g5000002JmPZAA0","2026-02-05T11:20:42.000+0000","","","","a0Gg50000027ySDEAY","false","","false","","","","","",""
"[Process_Flow_Document__c]","a0Dg5000004y310EAA","false","Verify Request  review document","2026-02-05T11:20:42.000+0000","005g5000002JmPZAA0","2026-02-05T11:20:42.000+0000","005g5000002JmPZAA0","2026-02-05T11:20:42.000+0000","","","","a0Gg50000027ySDEAY","false","","false","","","","","",""
"[Process_Flow_Document__c]","a0Dg5000004y311EAA","false","NOC Document","2026-02-05T11:20:42.000+0000","005g5000002JmPZAA0","2026-02-05T11:20:42.000+0000","005g5000002JmPZAA0","2026-02-05T11:20:42.000+0000","","","","a0Gg50000028DADEA2","true","","false","","","","","",""
"[Process_Flow_Document__c]","a0Dg5000004y312EAA","false","Detail scope of work","2026-02-05T11:20:42.000+0000","005g5000002JmPZAA0","2026-02-05T11:20:42.000+0000","005g5000002JmPZAA0","2026-02-05T11:20:42.000+0000","","","","a0Gg50000027ySDEAY","false","","false","","","","","",""
"[Process_Flow_Document__c]","a0Dg5000004y313EAA","false","MEP drawings One","2026-02-05T11:20:42.000+0000","005g5000002JmPZAA0","2026-02-05T11:20:42.000+0000","005g5000002JmPZAA0","2026-02-05T11:20:42.000+0000","","","","a0Gg50000027ySDEAY","false","","false","","","","","",""
"[Process_Flow_Document__c]","a0Dg5000004y3FOEAY","false","Bank Document (statement/cheque copy)","2026-02-05T11:20:43.000+0000","005g5000002JmPZAA0","2026-02-05T11:20:43.000+0000","005g5000002JmPZAA0","2026-02-05T11:20:43.000+0000","","","","a0Gg50000028A9GEAU","true","","false","","","","","",""
"[Process_Flow_Document__c]","a0Dg5000004y3FPEAY","false","Refund Indemnity Form (signed)","2026-02-05T11:20:43.000+0000","005g5000002JmPZAA0","2026-02-05T11:20:43.000+0000","005g5000002JmPZAA0","2026-02-05T11:20:43.000+0000","","","","a0Gg50000028A9GEAU","true","","false","","","","","",""
"[Process_Flow_Document__c]","a0Dg5000004y3FQEAY","false","Third Party Indemnity Form","2026-02-05T11:20:43.000+0000","005g5000002JmPZAA0","2026-02-05T11:20:43.000+0000","005g5000002JmPZAA0","2026-02-05T11:20:43.000+0000","","","","a0Gg50000028A9GEAU","true","","false","","","","","",""
"[Process_Flow_Document__c]","a0Dg5000004y3FREAY","false","Trade License","2026-02-05T11:20:43.000+0000","005g5000002JmPZAA0","2026-02-05T11:20:43.000+0000","005g5000002JmPZAA0","2026-02-05T11:20:43.000+0000","","","","a0Gg50000028A9GEAU","true","","false","","","","","",""
"[Process_Flow_Document__c]","a0Dg5000004y3FSEAY","false","Indemnity Letter","2026-02-05T11:20:43.000+0000","005g5000002JmPZAA0","2026-02-05T11:20:43.000+0000","005g5000002JmPZAA0","2026-02-05T11:20:43.000+0000","","","","a0Gg500000281ebEAA","true","","false","","","","","",""
"[Process_Flow_Document__c]","a0Dg5000004y3FTEAY","false","Support Documents","2026-02-05T11:20:43.000+0000","005g5000002JmPZAA0","2026-02-05T11:20:43.000+0000","005g5000002JmPZAA0","2026-02-05T11:20:43.000+0000","","","","a0Gg500000281ebEAA","true","","false","","","","","",""
"[Process_Flow_Document__c]","a0Dg5000004y3FUEAY","false","Payment Proof document","2026-02-05T11:20:43.000+0000","005g5000002JmPZAA0","2026-02-05T11:20:43.000+0000","005g5000002JmPZAA0","2026-02-05T11:20:43.000+0000","","","","a0Gg500000281ebEAA","true","","false","","","","","",""
"[Process_Flow_Document__c]","a0Dg5000004y3FVEAY","false","Admin Charges Account Entries Proof","2026-02-05T11:20:43.000+0000","005g5000002JmPZAA0","2026-02-05T11:20:43.000+0000","005g5000002JmPZAA0","2026-02-05T11:20:43.000+0000","","","","a0Gg500000281ebEAA","true","","false","","","","","",""
"[Process_Flow_Document__c]","a0Dg5000004y3FWEAY","false","Customer KYC Documents","2026-02-05T11:20:43.000+0000","005g5000002JmPZAA0","2026-02-05T11:20:43.000+0000","005g5000002JmPZAA0","2026-02-05T11:20:43.000+0000","","","","a0Gg500000281ebEAA","true","","false","","","","","",""
"[Process_Flow_Document__c]","a0Dg5000004y3FXEAY","false","Cancellation Termination Agreement","2026-02-05T11:20:43.000+0000","005g5000002JmPZAA0","2026-02-05T11:20:43.000+0000","005g5000002JmPZAA0","2026-02-05T11:20:43.000+0000","","","","a0Gg500000281ebEAA","true","","false","","","","","",""
"[Process_Flow_Document__c]","a0Dg5000004y3IVEAY","false","Cancelation Notice","2026-02-05T11:20:42.000+0000","005g5000002JmPZAA0","2026-02-05T11:20:42.000+0000","005g5000002JmPZAA0","2026-02-05T11:20:42.000+0000","","","","a0Gg50000027uhvEAA","true","","false","","","","","",""
"[Process_Flow_Document__c]","a0Dg5000004y3IWEAY","false","Final Notice","2026-02-05T11:20:42.000+0000","005g5000002JmPZAA0","2026-02-05T11:20:42.000+0000","005g5000002JmPZAA0","2026-02-05T11:20:42.000+0000","","","","a0Gg50000027uhvEAA","true","","false","","","","","",""
"[Process_Flow_Document__c]","a0Dg5000004y3IXEAY","false","Support Documents","2026-02-05T11:20:42.000+0000","005g5000002JmPZAA0","2026-02-05T11:20:42.000+0000","005g5000002JmPZAA0","2026-02-05T11:20:42.000+0000","","","","a0Gg50000028DWnEAM","true","","false","","","","","",""
"[Process_Flow_Document__c]","a0Dg5000004y3IYEAY","false","DSR Registration Document","2026-02-05T11:20:42.000+0000","005g5000002JmPZAA0","2026-02-05T11:20:42.000+0000","005g5000002JmPZAA0","2026-02-05T11:20:42.000+0000","","","","a0Gg50000028DWnEAM","true","","false","","","","","",""
"[Process_Flow_Document__c]","a0Dg5000004y3IZEAY","false","Payment Receipt","2026-02-05T11:20:42.000+0000","005g5000002JmPZAA0","2026-02-05T11:20:42.000+0000","005g5000002JmPZAA0","2026-02-05T11:20:42.000+0000","","","","a0Gg50000028DWnEAM","true","","false","","","","","",""
"[Process_Flow_Document__c]","a0Dg5000004y3IaEAI","false","Initial Contract of Sale","2026-02-05T11:20:42.000+0000","005g5000002JmPZAA0","2026-02-05T11:20:42.000+0000","005g5000002JmPZAA0","2026-02-05T11:20:42.000+0000","","","","a0Gg50000028DWnEAM","true","","false","","","","","",""
"[Process_Flow_Document__c]","a0Dg5000004y3IbEAI","false","Accounts Payment Proof","2026-02-05T11:20:42.000+0000","005g5000002JmPZAA0","2026-02-05T11:20:42.000+0000","005g5000002JmPZAA0","2026-02-05T11:20:42.000+0000","","","","a0Gg50000028DWnEAM","true","","false","","","","","",""
"[Process_Flow_Document__c]","a0Dg5000004y3IcEAI","false","Treasury Reference Document","2026-02-05T11:20:42.000+0000","005g5000002JmPZAA0","2026-02-05T11:20:42.000+0000","005g5000002JmPZAA0","2026-02-05T11:20:42.000+0000","","","","a0Gg50000028DWnEAM","true","","false","","","","","",""
"[Process_Flow_Document__c]","a0Dg5000004y3IdEAI","false","Invoice PO by Channel ops","2026-02-05T11:20:42.000+0000","005g5000002JmPZAA0","2026-02-05T11:20:42.000+0000","005g5000002JmPZAA0","2026-02-05T11:20:42.000+0000","","","","a0Gg50000028DRxEAM","true","","false","","","","","",""
"[Process_Flow_Document__c]","a0Dg5000004y3IeEAI","false","Payment initiation by Accounts","2026-02-05T11:20:42.000+0000","005g5000002JmPZAA0","2026-02-05T11:20:42.000+0000","005g5000002JmPZAA0","2026-02-05T11:20:42.000+0000","","","","a0Gg50000028DRxEAM","true","","false","","","","","",""
"[Process_Flow_Document__c]","a0Dg5000004y3btEAA","false","PO Document","2026-02-05T11:20:44.000+0000","005g5000002JmPZAA0","2026-02-05T11:20:44.000+0000","005g5000002JmPZAA0","2026-02-05T11:20:44.000+0000","","","","a0Gg50000028DmvEAE","true","","false","","On Linked Step Completion","","","","On BP Creation"
"[Process_Flow_Document__c]","a0Dg5000004y3buEAA","false","Technical Specification Document","2026-02-05T11:20:44.000+0000","005g5000002JmPZAA0","2026-02-05T11:20:44.000+0000","005g5000002JmPZAA0","2026-02-05T11:20:44.000+0000","","","","a0Gg50000028DmvEAE","true","","false","","On Linked Step Completion","","","","On BP Creation"
"[Process_Flow_Document__c]","a0Dg5000004y3bvEAA","false","Scope Definition","2026-02-05T11:20:44.000+0000","005g5000002JmPZAA0","2026-02-05T11:20:44.000+0000","005g5000002JmPZAA0","2026-02-05T11:20:44.000+0000","","","","a0Gg50000028DmvEAE","true","","false","","On Linked Step Completion","","","","On BP Creation"
"[Process_Flow_Document__c]","a0Dg5000004y3bwEAA","false","Proof of Work","2026-02-05T11:20:44.000+0000","005g5000002JmPZAA0","2026-02-05T11:20:44.000+0000","005g5000002JmPZAA0","2026-02-05T11:20:44.000+0000","","","","a0Gg50000028DmvEAE","true","","false","","On Linked Step Completion","","","","On BP Creation"
"[Process_Flow_Document__c]","a0Dg5000004y3bxEAA","false","APN Document","2026-02-05T11:20:44.000+0000","005g5000002JmPZAA0","2026-02-05T11:20:44.000+0000","005g5000002JmPZAA0","2026-02-05T11:20:44.000+0000","","","","a0Gg50000028DmvEAE","true","","false","","On Linked Step Completion","","","","On BP Creation"
"[Process_Flow_Document__c]","a0Dg5000004y3byEAA","false","Proof of Work","2026-02-05T11:20:44.000+0000","005g5000002JmPZAA0","2026-02-05T11:20:44.000+0000","005g5000002JmPZAA0","2026-02-05T11:20:44.000+0000","","","","a0Gg50000028DmvEAE","true","","false","","On Linked Step Completion","","","","On BP Creation"
"[Process_Flow_Document__c]","a0Dg5000004y3bzEAA","false","VPR Document","2026-02-05T11:20:44.000+0000","005g5000002JmPZAA0","2026-02-05T11:20:44.000+0000","005g5000002JmPZAA0","2026-02-05T11:20:44.000+0000","","","","a0Gg50000028DmvEAE","true","","false","","On Linked Step Completion","","","","On BP Creation"
"[Process_Flow_Document__c]","a0Dg5000004y3c0EAA","false","Accounts POP","2026-02-05T11:20:44.000+0000","005g5000002JmPZAA0","2026-02-05T11:20:44.000+0000","005g5000002JmPZAA0","2026-02-05T11:20:44.000+0000","","","","a0Gg50000028DmvEAE","true","","false","","On Linked Step Completion","","","","On BP Creation"
"[Process_Flow_Document__c]","a0Dg5000004y3c1EAA","false","Cost Comparison","2026-02-05T11:20:44.000+0000","005g5000002JmPZAA0","2026-02-05T11:20:44.000+0000","005g5000002JmPZAA0","2026-02-05T11:20:44.000+0000","","","","a0Gg50000028DmvEAE","true","","false","","On Linked Step Completion","","","","On BP Creation"
"[Process_Flow_Document__c]","a0Dg5000004y3c2EAA","false","Design Desk Document","2026-02-05T11:20:44.000+0000","005g5000002JmPZAA0","2026-02-05T11:20:44.000+0000","005g5000002JmPZAA0","2026-02-05T11:20:44.000+0000","","","","a0Gg50000028DwbEAE","true","","false","","On Linked Step Completion","","","","On BP Creation"
"[Process_Flow_Document__c]","a0Dg5000004y47DEAQ","false","SPA Document","2026-02-05T11:20:41.000+0000","005g5000002JmPZAA0","2026-02-05T11:20:41.000+0000","005g5000002JmPZAA0","2026-02-05T11:20:41.000+0000","","","","a0Gg50000028C9JEAU","false","","false","","On Linked Step Completion","","","","On Linked Step Creation"
"[Process_Flow_Document__c]","a0Dg5000004y47EEAQ","false","Support Documents","2026-02-05T11:20:41.000+0000","005g5000002JmPZAA0","2026-02-05T11:20:41.000+0000","005g5000002JmPZAA0","2026-02-05T11:20:41.000+0000","","","","a0Gg50000028C9JEAU","true","","false","","Optional","","","","On BP Creation"
"[Process_Flow_Document__c]","a0Dg5000004y47FEAQ","false","Design Desk Document","2026-02-05T11:20:41.000+0000","005g5000002JmPZAA0","2026-02-05T11:20:41.000+0000","005g5000002JmPZAA0","2026-02-05T11:20:41.000+0000","","","","a0Gg50000028CR3EAM","true","","false","","On Linked Step Completion","","","","On Linked Step Creation"
"[Process_Flow_Document__c]","a0Dg5000004y47GEAQ","false","Procurement Quote Upload","2026-02-05T11:20:41.000+0000","005g5000002JmPZAA0","2026-02-05T11:20:41.000+0000","005g5000002JmPZAA0","2026-02-05T11:20:41.000+0000","","","","a0Gg50000028CR3EAM","true","","false","","On Linked Step Completion","","","","On Linked Step Creation"
"[Process_Flow_Document__c]","a0Dg5000004y47HEAQ","false","PO Document","2026-02-05T11:20:41.000+0000","005g5000002JmPZAA0","2026-02-05T11:20:41.000+0000","005g5000002JmPZAA0","2026-02-05T11:20:41.000+0000","","","","a0Gg50000028CR3EAM","true","","false","","On Linked Step Completion","","","","On Linked Step Creation"
"[Process_Flow_Document__c]","a0Dg5000004y47IEAQ","false","Design Desk Document","2026-02-05T11:20:41.000+0000","005g5000002JmPZAA0","2026-02-05T11:20:41.000+0000","005g5000002JmPZAA0","2026-02-05T11:20:41.000+0000","","","","a0Gg50000028CSfEAM","true","","false","","On Linked Step Completion","","","","On Linked Step Creation"
"[Process_Flow_Document__c]","a0Dg5000004y47JEAQ","false","Procurement Quote Upload","2026-02-05T11:20:41.000+0000","005g5000002JmPZAA0","2026-02-05T11:20:41.000+0000","005g5000002JmPZAA0","2026-02-05T11:20:41.000+0000","","","","a0Gg50000028CSfEAM","true","","false","","On Linked Step Completion","","","","On Linked Step Creation"
"[Process_Flow_Document__c]","a0Dg5000004y47KEAQ","false","PO Document","2026-02-05T11:20:41.000+0000","005g5000002JmPZAA0","2026-02-05T11:20:41.000+0000","005g5000002JmPZAA0","2026-02-05T11:20:41.000+0000","","","","a0Gg50000028CSfEAM","true","","false","","On Linked Step Completion","","","","On Linked Step Creation"
"[Process_Flow_Document__c]","a0Dg5000004y47LEAQ","false","Marketing Ops Document","2026-02-05T11:20:41.000+0000","005g5000002JmPZAA0","2026-02-05T11:20:41.000+0000","005g5000002JmPZAA0","2026-02-05T11:20:41.000+0000","","","","a0Gg50000028CSfEAM","true","","false","","On Linked Step Completion","","","","On Linked Step Creation"
"[Process_Flow_Document__c]","a0Dg5000004y47MEAQ","false","Accounts POP","2026-02-05T11:20:41.000+0000","005g5000002JmPZAA0","2026-02-05T11:20:41.000+0000","005g5000002JmPZAA0","2026-02-05T11:20:41.000+0000","","","","a0Gg50000028CSfEAM","true","","false","","On Linked Step Completion","","","","On Linked Step Creation"
"[Process_Flow_Document__c]","a0Dg5000004y4uXEAQ","false","GRN by Channel ops","2026-02-05T11:20:42.000+0000","005g5000002JmPZAA0","2026-02-05T11:20:42.000+0000","005g5000002JmPZAA0","2026-02-05T11:20:42.000+0000","","","","a0Gg50000028DRxEAM","true","","false","","","","","",""
"[Process_Flow_Document__c]","a0Dg5000004y4uYEAQ","false","Indemnity letter by Channel Ops","2026-02-05T11:20:42.000+0000","005g5000002JmPZAA0","2026-02-05T11:20:42.000+0000","005g5000002JmPZAA0","2026-02-05T11:20:42.000+0000","","","","a0Gg50000028DRxEAM","true","","false","","","","","",""
"[Process_Flow_Document__c]","a0Dg5000004y4uZEAQ","false","ID document by Channel Ops","2026-02-05T11:20:42.000+0000","005g5000002JmPZAA0","2026-02-05T11:20:42.000+0000","005g5000002JmPZAA0","2026-02-05T11:20:42.000+0000","","","","a0Gg50000028DRxEAM","true","","false","","","","","",""
"[Process_Flow_Document__c]","a0Dg5000004y4uaEAA","false","other documents","2026-02-05T11:20:42.000+0000","005g5000002JmPZAA0","2026-02-05T11:20:42.000+0000","005g5000002JmPZAA0","2026-02-05T11:20:42.000+0000","","","","a0Gg50000028DRxEAM","true","","false","","","","","",""
"[Process_Flow_Document__c]","a0Dg5000004y4ubEAA","false","Swift Copy by Pay Processing","2026-02-05T11:20:42.000+0000","005g5000002JmPZAA0","2026-02-05T11:20:42.000+0000","005g5000002JmPZAA0","2026-02-05T11:20:42.000+0000","","","","a0Gg50000028DRxEAM","true","","false","","","","","",""
"[Process_Flow_Document__c]","a0Dg5000004y4ucEAA","false","Mortgage Contract","2026-02-05T11:20:42.000+0000","005g5000002JmPZAA0","2026-02-05T11:20:42.000+0000","005g5000002JmPZAA0","2026-02-05T11:20:42.000+0000","","","","a0Gg50000028DOjEAM","true","","false","","","","","",""
"[Process_Flow_Document__c]","a0Dg5000004y4udEAA","false","DLD Letter","2026-02-05T11:20:42.000+0000","005g5000002JmPZAA0","2026-02-05T11:20:42.000+0000","005g5000002JmPZAA0","2026-02-05T11:20:42.000+0000","","","","a0Gg50000028DOjEAM","true","","false","","","","","",""
"[Process_Flow_Document__c]","a0Dg5000004y4ueEAA","false","Manager Cheque Copy","2026-02-05T11:20:42.000+0000","005g5000002JmPZAA0","2026-02-05T11:20:42.000+0000","005g5000002JmPZAA0","2026-02-05T11:20:42.000+0000","","","","a0Gg50000028DOjEAM","true","","false","","","","","",""
"[Process_Flow_Document__c]","a0Dg5000004y4ufEAA","false","SOA Document","2026-02-05T11:20:42.000+0000","005g5000002JmPZAA0","2026-02-05T11:20:42.000+0000","005g5000002JmPZAA0","2026-02-05T11:20:42.000+0000","","","","a0Gg50000028DOjEAM","true","","false","","","","","",""
"[Process_Flow_Document__c]","a0Dg5000004y4ugEAA","false","DSR Document","2026-02-05T11:20:42.000+0000","005g5000002JmPZAA0","2026-02-05T11:20:42.000+0000","005g5000002JmPZAA0","2026-02-05T11:20:42.000+0000","","","","a0Gg50000028DOjEAM","true","","false","","","","","",""
"[Process_Flow_Document__c]","a0Dg5000004y6mbEAA","false","Support Documents","2026-02-05T11:20:43.000+0000","005g5000002JmPZAA0","2026-02-05T11:20:43.000+0000","005g5000002JmPZAA0","2026-02-05T11:20:43.000+0000","","","","a0Gg50000028DTZEA2","true","","false","","","","","",""
"[Process_Flow_Document__c]","a0Dg5000004y6mcEAA","false","Payment Proof document","2026-02-05T11:20:43.000+0000","005g5000002JmPZAA0","2026-02-05T11:20:43.000+0000","005g5000002JmPZAA0","2026-02-05T11:20:43.000+0000","","","","a0Gg500000287KDEAY","true","","false","","","","","",""
"[Process_Flow_Document__c]","a0Dg5000004y6mdEAA","false","Payment Proof document","2026-02-05T11:20:43.000+0000","005g5000002JmPZAA0","2026-02-05T11:20:43.000+0000","005g5000002JmPZAA0","2026-02-05T11:20:43.000+0000","","","","a0Gg50000028DTZEA2","true","","false","","","","","",""
"[Process_Flow_Document__c]","a0Dg5000004y6meEAA","false","Admin Charges Account Entries Proof","2026-02-05T11:20:43.000+0000","005g5000002JmPZAA0","2026-02-05T11:20:43.000+0000","005g5000002JmPZAA0","2026-02-05T11:20:43.000+0000","","","","a0Gg50000028DTZEA2","true","","false","","","","","",""
"[Process_Flow_Document__c]","a0Dg5000004y6mfEAA","false","Admin Charges Account Entries Proof","2026-02-05T11:20:43.000+0000","005g5000002JmPZAA0","2026-02-05T11:20:43.000+0000","005g5000002JmPZAA0","2026-02-05T11:20:43.000+0000","","","","a0Gg500000287KDEAY","true","","false","","","","","",""
"[Process_Flow_Document__c]","a0Dg5000004y6mgEAA","false","Customer KYC Documents","2026-02-05T11:20:43.000+0000","005g5000002JmPZAA0","2026-02-05T11:20:43.000+0000","005g5000002JmPZAA0","2026-02-05T11:20:43.000+0000","","","","a0Gg50000028DTZEA2","true","","false","","","","","",""
"[Process_Flow_Document__c]","a0Dg5000004y6mhEAA","false","Customer KYC Documents","2026-02-05T11:20:43.000+0000","005g5000002JmPZAA0","2026-02-05T11:20:43.000+0000","005g5000002JmPZAA0","2026-02-05T11:20:43.000+0000","","","","a0Gg500000287KDEAY","true","","false","","","","","",""
"[Process_Flow_Document__c]","a0Dg5000004y6miEAA","false","Email from Customer (Refund request / Third-party authorization)","2026-02-05T11:20:43.000+0000","005g5000002JmPZAA0","2026-02-05T11:20:43.000+0000","005g5000002JmPZAA0","2026-02-05T11:20:43.000+0000","","","","a0Gg50000028A9GEAU","true","","false","","","","","",""
"[Process_Flow_Document__c]","a0Dg5000004y6mjEAA","false","Bank Details Form (signed)","2026-02-05T11:20:43.000+0000","005g5000002JmPZAA0","2026-02-05T11:20:43.000+0000","005g5000002JmPZAA0","2026-02-05T11:20:43.000+0000","","","","a0Gg50000028A9GEAU","true","","false","","","","","",""
"[Process_Flow_Document__c]","a0Dg5000004y6mkEAA","false","ID Proof (Customer)","2026-02-05T11:20:43.000+0000","005g5000002JmPZAA0","2026-02-05T11:20:43.000+0000","005g5000002JmPZAA0","2026-02-05T11:20:43.000+0000","","","","a0Gg50000028A9GEAU","true","","false","","","","","",""
"[Process_Flow_Document__c]","a0Dg5000004y6oDEAQ","false","Emergency lighting layout","2026-02-05T11:20:44.000+0000","005g5000002JmPZAA0","2026-02-05T11:20:44.000+0000","005g5000002JmPZAA0","2026-02-05T11:20:44.000+0000","","","","a0Gg50000028DADEA2","true","","false","","","","","",""
"[Process_Flow_Document__c]","a0Dg5000004y6oEEAQ","false","Firefighting layout","2026-02-05T11:20:44.000+0000","005g5000002JmPZAA0","2026-02-05T11:20:44.000+0000","005g5000002JmPZAA0","2026-02-05T11:20:44.000+0000","","","","a0Gg50000028DADEA2","true","","false","","","","","",""
"[Process_Flow_Document__c]","a0Dg5000004y6oFEAQ","false","IT layout","2026-02-05T11:20:44.000+0000","005g5000002JmPZAA0","2026-02-05T11:20:44.000+0000","005g5000002JmPZAA0","2026-02-05T11:20:44.000+0000","","","","a0Gg50000028DADEA2","true","","false","","","","","",""
"[Process_Flow_Document__c]","a0Dg5000004y6oGEAQ","false","PICV specs","2026-02-05T11:20:44.000+0000","005g5000002JmPZAA0","2026-02-05T11:20:44.000+0000","005g5000002JmPZAA0","2026-02-05T11:20:44.000+0000","","","","a0Gg50000028DADEA2","true","","false","","","","","",""
"[Process_Flow_Document__c]","a0Dg5000004y6oHEAQ","false","CCTV layout","2026-02-05T11:20:44.000+0000","005g5000002JmPZAA0","2026-02-05T11:20:44.000+0000","005g5000002JmPZAA0","2026-02-05T11:20:44.000+0000","","","","a0Gg50000028DADEA2","true","","false","","","","","",""
"[Process_Flow_Document__c]","a0Dg5000004y6oIEAQ","false","Power layout","2026-02-05T11:20:44.000+0000","005g5000002JmPZAA0","2026-02-05T11:20:44.000+0000","005g5000002JmPZAA0","2026-02-05T11:20:44.000+0000","","","","a0Gg50000028DADEA2","true","","false","","","","","",""
"[Process_Flow_Document__c]","a0Dg5000004y6oJEAQ","false","FCU specs","2026-02-05T11:20:44.000+0000","005g5000002JmPZAA0","2026-02-05T11:20:44.000+0000","005g5000002JmPZAA0","2026-02-05T11:20:44.000+0000","","","","a0Gg50000028DADEA2","true","","false","","","","","",""
"[Process_Flow_Document__c]","a0Dg5000004y6oKEAQ","false","RCP layout","2026-02-05T11:20:44.000+0000","005g5000002JmPZAA0","2026-02-05T11:20:44.000+0000","005g5000002JmPZAA0","2026-02-05T11:20:44.000+0000","","","","a0Gg50000028DADEA2","true","","false","","","","","",""
"[Process_Flow_Document__c]","a0Dg5000004y6oLEAQ","false","Light layout","2026-02-05T11:20:44.000+0000","005g5000002JmPZAA0","2026-02-05T11:20:44.000+0000","005g5000002JmPZAA0","2026-02-05T11:20:44.000+0000","","","","a0Gg50000028DADEA2","true","","false","","","","","",""
"[Process_Flow_Document__c]","a0Dg5000004y6oMEAQ","false","CHW Flexible pipe recommended brands - Frese, Herz, Danfoss, Kinetics","2026-02-05T11:20:44.000+0000","005g5000002JmPZAA0","2026-02-05T11:20:44.000+0000","005g5000002JmPZAA0","2026-02-05T11:20:44.000+0000","","","","a0Gg50000028DADEA2","true","","false","","","","","",""
"[Process_Flow_Document__c]","a0Dg5000004y6ppEAA","false","Procurement Quote Upload","2026-02-05T11:20:44.000+0000","005g5000002JmPZAA0","2026-02-05T11:20:44.000+0000","005g5000002JmPZAA0","2026-02-05T11:20:44.000+0000","","","","a0Gg5000002819xEAA","true","","false","","On Linked Step Completion","","","","On Linked Step Creation"
"[Process_Flow_Document__c]","a0Dg5000004y6pqEAA","false","Agreement Document","2026-02-05T11:20:44.000+0000","005g5000002JmPZAA0","2026-02-05T11:20:44.000+0000","005g5000002JmPZAA0","2026-02-05T11:20:44.000+0000","","","","a0Gg5000002819xEAA","true","","false","","On Linked Step Completion","","","","On Linked Step Creation"
"[Process_Flow_Document__c]","a0Dg5000004y6prEAA","false","Community Fee Payment Proof Document","2026-02-05T11:20:44.000+0000","005g5000002JmPZAA0","2026-02-05T11:20:44.000+0000","005g5000002JmPZAA0","2026-02-05T11:20:44.000+0000","","","","a0Gg50000027ySDEAY","true","","false","","","","","",""
"[Process_Flow_Document__c]","a0Dg5000004y6psEAA","false","Support Documents","2026-02-05T11:20:44.000+0000","005g5000002JmPZAA0","2026-02-05T11:20:44.000+0000","005g5000002JmPZAA0","2026-02-05T11:20:44.000+0000","","","","a0Gg50000028BWcEAM","true","","false","","","","","",""
"[Process_Flow_Document__c]","a0Dg5000004y6ptEAA","false","Indemnity Letter","2026-02-05T11:20:44.000+0000","005g5000002JmPZAA0","2026-02-05T11:20:44.000+0000","005g5000002JmPZAA0","2026-02-05T11:20:44.000+0000","","","","a0Gg50000028BWcEAM","true","","false","","","","","",""
"[Process_Flow_Document__c]","a0Dg5000004y6puEAA","false","Trade License","2026-02-05T11:20:44.000+0000","005g5000002JmPZAA0","2026-02-05T11:20:44.000+0000","005g5000002JmPZAA0","2026-02-05T11:20:44.000+0000","","","","a0Gg50000028BehEAE","true","","false","","","","","",""
"[Process_Flow_Document__c]","a0Dg5000004y6pvEAA","false","RERA Certificate","2026-02-05T11:20:44.000+0000","005g5000002JmPZAA0","2026-02-05T11:20:44.000+0000","005g5000002JmPZAA0","2026-02-05T11:20:44.000+0000","","","","a0Gg50000028BehEAE","true","","false","","","","","",""
"[Process_Flow_Document__c]","a0Dg5000004y6pwEAA","false","Emirates ID / Passport","2026-02-05T11:20:44.000+0000","005g5000002JmPZAA0","2026-02-05T11:20:44.000+0000","005g5000002JmPZAA0","2026-02-05T11:20:44.000+0000","","","","a0Gg50000028BehEAE","true","","false","","","","","",""
"[Process_Flow_Document__c]","a0Dg5000004y6pxEAA","false","Trade License","2026-02-05T11:20:44.000+0000","005g5000002JmPZAA0","2026-02-05T11:20:44.000+0000","005g5000002JmPZAA0","2026-02-05T11:20:44.000+0000","","","","a0Gg50000028DtNEAU","true","","false","","","","","",""
"[Process_Flow_Document__c]","a0Dg5000004y6pyEAA","false","RERA Certificate","2026-02-05T11:20:44.000+0000","005g5000002JmPZAA0","2026-02-05T11:20:44.000+0000","005g5000002JmPZAA0","2026-02-05T11:20:44.000+0000","","","","a0Gg50000028DtNEAU","true","","false","","","","","",""
"[Process_Flow_Document__c]","a0Dg5000004y6rREAQ","false","Incorporation certificate","2026-02-05T11:20:45.000+0000","005g5000002JmPZAA0","2026-02-05T11:20:45.000+0000","005g5000002JmPZAA0","2026-02-05T11:20:45.000+0000","","","","a0Gg50000028DTZEA2","true","","false","","","","","",""
"[Process_Flow_Document__c]","a0Dg5000004y6rSEAQ","false","Other Documents","2026-02-05T11:20:45.000+0000","005g5000002JmPZAA0","2026-02-05T11:20:45.000+0000","005g5000002JmPZAA0","2026-02-05T11:20:45.000+0000","","","","a0Gg50000028DTZEA2","true","","false","","","","","",""
"[Process_Flow_Document__c]","a0Dg5000004y6rTEAQ","false","Source of Proof","2026-02-05T11:20:45.000+0000","005g5000002JmPZAA0","2026-02-05T11:20:45.000+0000","005g5000002JmPZAA0","2026-02-05T11:20:45.000+0000","","","","a0Gg50000028BegEAE","true","","false","","On Linked Step Completion","","","","On Linked Step Creation"
"[Process_Flow_Document__c]","a0Dg5000004y6rUEAQ","false","Broker & Customer Interaction","2026-02-05T11:20:45.000+0000","005g5000002JmPZAA0","2026-02-05T11:20:45.000+0000","005g5000002JmPZAA0","2026-02-05T11:20:45.000+0000","","","","a0Gg50000028BegEAE","true","","false","","On Linked Step Completion","","","","On Linked Step Creation"
"[Process_Flow_Document__c]","a0Dg5000004y6rVEAQ","false","Broker & Sales Manager Interaction","2026-02-05T11:20:45.000+0000","005g5000002JmPZAA0","2026-02-05T11:20:45.000+0000","005g5000002JmPZAA0","2026-02-05T11:20:45.000+0000","","","","a0Gg50000028BegEAE","true","","false","","On Linked Step Completion","","","","On Linked Step Creation"
"[Process_Flow_Document__c]","a0Dg5000004y6rWEAQ","false","Customer & Sales Manager Interaction","2026-02-05T11:20:45.000+0000","005g5000002JmPZAA0","2026-02-05T11:20:45.000+0000","005g5000002JmPZAA0","2026-02-05T11:20:45.000+0000","","","","a0Gg50000028BegEAE","true","","false","","On Linked Step Completion","","","","On Linked Step Creation"
"[Process_Flow_Document__c]","a0Dg5000004y6rXEAQ","false","Proof of Physical Site Visit","2026-02-05T11:20:45.000+0000","005g5000002JmPZAA0","2026-02-05T11:20:45.000+0000","005g5000002JmPZAA0","2026-02-05T11:20:45.000+0000","","","","a0Gg50000028BegEAE","true","","false","","On Linked Step Completion","","","","On Linked Step Creation"
"[Process_Flow_Document__c]","a0Dg5000004y6rYEAQ","false","Support Documents","2026-02-05T11:20:45.000+0000","005g5000002JmPZAA0","2026-02-05T11:20:45.000+0000","005g5000002JmPZAA0","2026-02-05T11:20:45.000+0000","","","","a0Gg50000028E6HEAU","true","","false","","","","","",""
"[Process_Flow_Document__c]","a0Dg5000004y6rZEAQ","false","Proof of PR unblocking Approval","2026-02-05T11:20:45.000+0000","005g5000002JmPZAA0","2026-02-05T11:20:45.000+0000","005g5000002JmPZAA0","2026-02-05T11:20:45.000+0000","","","","a0Gg50000028E6HEAU","true","","false","","","","","",""
"[Process_Flow_Document__c]","a0Dg5000004y6raEAA","false","Cover Page","2026-02-05T11:20:45.000+0000","005g5000002JmPZAA0","2026-02-05T11:20:45.000+0000","005g5000002JmPZAA0","2026-02-05T11:20:45.000+0000","","","","a0Gg5000001YrMHEA0","true","","false","","","","","",""
"[Process_Flow_Document__c]","a0Dg5000004y6rbEAA","false","VPR Document","2026-02-05T11:20:45.000+0000","005g5000002JmPZAA0","2026-02-05T11:20:45.000+0000","005g5000002JmPZAA0","2026-02-05T11:20:45.000+0000","","","","a0Gg50000028E7uEAE","true","","false","","On Linked Step Completion","","","","On Linked Step Creation"
"[Process_Flow_Document__c]","a0Dg5000004y6rcEAA","false","Proof of Work","2026-02-05T11:20:45.000+0000","005g5000002JmPZAA0","2026-02-05T11:20:45.000+0000","005g5000002JmPZAA0","2026-02-05T11:20:45.000+0000","","","","a0Gg50000028E7uEAE","true","","false","","On Linked Step Completion","","","","On Linked Step Creation"
"[Process_Flow_Document__c]","a0Dg5000004y6rdEAA","false","Proof of Work","2026-02-05T11:20:45.000+0000","005g5000002JmPZAA0","2026-02-05T11:20:45.000+0000","005g5000002JmPZAA0","2026-02-05T11:20:45.000+0000","","","","a0Gg50000028E7uEAE","true","","false","","On Linked Step Completion","","","","On Linked Step Creation"
"[Process_Flow_Document__c]","a0Dg5000004y6reEAA","false","APN Document","2026-02-05T11:20:45.000+0000","005g5000002JmPZAA0","2026-02-05T11:20:45.000+0000","005g5000002JmPZAA0","2026-02-05T11:20:45.000+0000","","","","a0Gg50000028E7uEAE","true","","false","","On Linked Step Completion","","","","On Linked Step Creation"
"[Process_Flow_Document__c]","a0Dg5000004y6rfEAA","false","Technical Specification Document","2026-02-05T11:20:45.000+0000","005g5000002JmPZAA0","2026-02-05T11:20:45.000+0000","005g5000002JmPZAA0","2026-02-05T11:20:45.000+0000","","","","a0Gg50000028E7uEAE","true","","false","","On Linked Step Completion","","","","On Linked Step Creation"
"[Process_Flow_Document__c]","a0Dg5000004y6rgEAA","false","PO Document","2026-02-05T11:20:45.000+0000","005g5000002JmPZAA0","2026-02-05T11:20:45.000+0000","005g5000002JmPZAA0","2026-02-05T11:20:45.000+0000","","","","a0Gg50000028E7uEAE","true","","false","","On Linked Step Completion","","","","On Linked Step Creation"
"[Process_Flow_Document__c]","a0Dg5000004y6rhEAA","false","Quotes","2026-02-05T11:20:45.000+0000","005g5000002JmPZAA0","2026-02-05T11:20:45.000+0000","005g5000002JmPZAA0","2026-02-05T11:20:45.000+0000","","","","a0Gg50000028E7uEAE","true","","false","","On Linked Step Completion","","","","On Linked Step Creation"
"[Process_Flow_Document__c]","a0Dg5000004y6riEAA","false","Proposals","2026-02-05T11:20:45.000+0000","005g5000002JmPZAA0","2026-02-05T11:20:45.000+0000","005g5000002JmPZAA0","2026-02-05T11:20:45.000+0000","","","","a0Gg50000028E7uEAE","true","","false","","On Linked Step Completion","","","","On Linked Step Creation"
"[Process_Flow_Document__c]","a0Dg5000004y6rjEAA","false","Accounts POP","2026-02-05T11:20:45.000+0000","005g5000002JmPZAA0","2026-02-05T11:20:45.000+0000","005g5000002JmPZAA0","2026-02-05T11:20:45.000+0000","","","","a0Gg50000028Dq9EAE","true","","false","","On Linked Step Completion","","","","On Linked Step Creation"
"[Process_Flow_Document__c]","a0Dg5000004y6rkEAA","false","Accounts POP","2026-02-05T11:20:45.000+0000","005g5000002JmPZAA0","2026-02-05T11:20:45.000+0000","005g5000002JmPZAA0","2026-02-05T11:20:45.000+0000","","","","a0Gg50000028Dq9EAE","true","","false","","On Linked Step Completion","","","","On Linked Step Creation"
"[Process_Flow_Document__c]","a0Dg5000004y6t3EAA","false","VPR Document","2026-02-05T11:20:45.000+0000","005g5000002JmPZAA0","2026-02-05T11:20:45.000+0000","005g5000002JmPZAA0","2026-02-05T11:20:45.000+0000","","","","a0Gg50000028Dq9EAE","true","","false","","On Linked Step Completion","","","","On Linked Step Creation"
"[Process_Flow_Document__c]","a0Dg5000004y6t4EAA","false","Proof of Work","2026-02-05T11:20:45.000+0000","005g5000002JmPZAA0","2026-02-05T11:20:45.000+0000","005g5000002JmPZAA0","2026-02-05T11:20:45.000+0000","","","","a0Gg50000028Dq9EAE","true","","false","","On Linked Step Completion","","","","On Linked Step Creation"
"[Process_Flow_Document__c]","a0Dg5000004y6t5EAA","false","Proof of Work","2026-02-05T11:20:45.000+0000","005g5000002JmPZAA0","2026-02-05T11:20:45.000+0000","005g5000002JmPZAA0","2026-02-05T11:20:45.000+0000","","","","a0Gg50000028Dq9EAE","true","","false","","On Linked Step Completion","","","","On Linked Step Creation"
"[Process_Flow_Document__c]","a0Dg5000004y6t6EAA","false","APN Document","2026-02-05T11:20:45.000+0000","005g5000002JmPZAA0","2026-02-05T11:20:45.000+0000","005g5000002JmPZAA0","2026-02-05T11:20:45.000+0000","","","","a0Gg50000028Dq9EAE","true","","false","","On Linked Step Completion","","","","On Linked Step Creation"
"[Process_Flow_Document__c]","a0Dg5000004y6t7EAA","false","Technical Specification Document","2026-02-05T11:20:45.000+0000","005g5000002JmPZAA0","2026-02-05T11:20:45.000+0000","005g5000002JmPZAA0","2026-02-05T11:20:45.000+0000","","","","a0Gg50000028Dq9EAE","true","","false","","On Linked Step Completion","","","","On Linked Step Creation"
"[Process_Flow_Document__c]","a0Dg5000004y6t8EAA","false","PO Document","2026-02-05T11:20:45.000+0000","005g5000002JmPZAA0","2026-02-05T11:20:45.000+0000","005g5000002JmPZAA0","2026-02-05T11:20:45.000+0000","","","","a0Gg50000028Dq9EAE","true","","false","","On Linked Step Completion","","","","On Linked Step Creation"
"[Process_Flow_Document__c]","a0Dg5000004y6t9EAA","false","Quotes","2026-02-05T11:20:45.000+0000","005g5000002JmPZAA0","2026-02-05T11:20:45.000+0000","005g5000002JmPZAA0","2026-02-05T11:20:45.000+0000","","","","a0Gg50000028Dq9EAE","true","","false","","On Linked Step Completion","","","","On Linked Step Creation"
"[Process_Flow_Document__c]","a0Dg5000004y6tAEAQ","false","Proposals","2026-02-05T11:20:45.000+0000","005g5000002JmPZAA0","2026-02-05T11:20:45.000+0000","005g5000002JmPZAA0","2026-02-05T11:20:45.000+0000","","","","a0Gg50000028Dq9EAE","true","","false","","On Linked Step Completion","","","","On Linked Step Creation"
"[Process_Flow_Document__c]","a0Dg5000004y6tBEAQ","false","Customer Acknowledgement Email","2026-02-05T11:20:45.000+0000","005g5000002JmPZAA0","2026-02-05T11:20:45.000+0000","005g5000002JmPZAA0","2026-02-05T11:20:45.000+0000","","","","a0Gg500000287RQEAY","true","","false","","","","","",""
"[Process_Flow_Document__c]","a0Dg5000004y6tCEAQ","false","Procurement Quote Upload","2026-02-05T11:20:45.000+0000","005g5000002JmPZAA0","2026-02-05T11:20:45.000+0000","005g5000002JmPZAA0","2026-02-05T11:20:45.000+0000","","","","a0Gg50000028DDSEA2","true","","false","","On Linked Step Completion","","","","On Linked Step Creation"